Date	Well	Jurkat	Target	Stimulus	HLA match	CFSE stained	Count	Cells | %	Single Cells | %	CFSE-A- 7AAD-A+ | %	CFSE-A+ 7AAD-A+ | %	CFSE-A+ 7AAD-A- | %	CFSE-A- 7AAD-A- | %	CFSE-A- 7AAD-A- | #	Jurkats | CD69- CD62L+ | %	Jurkats | CD69+ CD62L+ | %	Jurkats | CD69+ CD62L- | %	Jurkats | CD69- CD62L- | %
2021-01-14	B02		Karpas-299	10	N	Y	10000	28.9	97.1	0	65.8	34	0.21	6	0	0	50	50
2021-01-14	B03		Karpas-299	1	N	Y	10000	25.9	97.3	0	67	32.5	0.48	12	50	0	0	50
2021-01-14	B04		Karpas-299	0.1	N	Y	10000	13.6	92.6	0	89.9	9.54	0.56	7	85.7	0	0	14.3
2021-01-14	B05		Karpas-299	0	N	Y	10000	10.6	87.7	0	91.6	8.3	0.11	1	0	0	0	100
2021-01-14	B06		MDA-MB-463	10	Y	Y	7141	3.15	93.3	0	77.1	14.8	8.1	17	23.5	0	11.8	64.7
2021-01-14	B07		MDA-MB-463	1	Y	Y	5583	2.1	95.7	0	77.7	8.93	13.4	15	6.67	6.67	0	86.7
2021-01-14	B08		MDA-MB-463	0.1	Y	Y	6837	2.56	94.3	0.61	62.4	15.8	21.2	35	11.4	0	8.57	80
2021-01-14	B09		MDA-MB-463	0	Y	Y	5064	3.95	97.5	0	65.6	16.9	17.4	34	2.94	0	5.88	91.2
2021-01-14	B10		Karpas-299		N	N	10000	67.2	96.4	0.48	0.046	0.046	99.4	6437	0.76	0	0.016	99.2
2021-01-14	C02	LC13	MDA-MB-463	10	Y	Y	10000	57.5	95	0.18	2.12	19.2	78.5	4285	4.57	1.89	42.3	51.2
2021-01-14	C03	LC13	MDA-MB-463	1	Y	Y	10000	67.6	96.4	0.077	1.35	11.4	87.2	5682	34.6	0.07	0.37	65
2021-01-14	C04	LC13	MDA-MB-463	0.1	Y	Y	10000	46.3	87.1	0.05	2.01	10.3	87.6	3535	48.8	0.25	0.057	50.9
2021-01-14	C05	LC13	MDA-MB-463	0	Y	Y	10000	37	81.6	0.066	1.66	8.34	89.9	2716	30	0.15	0.11	69.7
2021-01-14	C06	LC13	Karpas-299	10	N	Y	10000	50.5	76.8	0	19.5	4.69	75.8	2945	7.54	0	0.17	92.3
2021-01-14	C07	LC13	Karpas-299	1	N	Y	10000	47.9	84	0.1	14.6	2.74	82.6	3320	7.05	0	0.12	92.8
2021-01-14	C08	LC13	Karpas-299	0.1	N	Y	10000	62.2	84.4	0.17	17	4.08	78.7	4128	13.3	0.048	0.27	86.4
2021-01-14	C09	LC13	Karpas-299	0	N	Y	10000	62.1	84.7	0.095	6.97	5.11	87.8	4621	7.75	0	0.065	92.2
2021-01-14	C10		Karpas-299		N	N	10000	62.8	81.3	0.53	0.039	0.078	99.4	5075	1.1	0	0	98.9
2021-01-14	D02	LC13		Negative			10000	78.7	81.7	0.3	0.062	0.093	99.5	6401	5.97	0	0.11	93.9
2021-01-14	D03	LC13		Negative			10000	78.4	80.6	0.16	0.016	0.13	99.7	6297	11.6	0.032	0.16	88.2
2021-01-14	D04	LC13		Negative			10000	78.4	76.2	0.55	0.084	0.084	99.3	5937	16.8	0.067	0.17	83
2021-01-14	D05	LC13		Negative			10000	82.2	79.4	0.46	0.046	0.15	99.3	6484	21.6	0.093	0.14	78.2
2021-01-14	D06	LC13		aCD3			10000	48.9	73.1	0.48	0.084	0.056	99.4	3556	4.64	1.01	47.5	46.8
2021-01-14	D07	LC13		aCD3			10000	65	74.9	0.96	0.062	0.1	98.9	4817	4.17	0.77	39.3	55.8
2021-01-14	D08	LC13		aCD3			10000	44.4	71.1	1.02	0.095	0.16	98.7	3112	4.21	0.9	33.6	61.2
2021-01-14	D09	LC13		aCD3			10000	54.2	74.6	0.82	0.17	0.12	98.9	3999	3.68	0.88	37.8	57.7
2021-01-14	D10		Karpas-299		N	N	10000	55.9	73.3	0.46	0.049	0.17	99.3	4069	0.76	0.025	0.025	99.2
2021-01-14	E02	LC13	Karpas-299	10	N	Y	10000	53.2	78.4	0.072	11.5	9.34	79.1	3295	6.65	0	0.061	93.3
2021-01-14	E03	LC13	Karpas-299	1	N	Y	10000	65.8	81.4	0.093	6.57	2.59	90.7	4864	6.97	0	0.16	92.9
2021-01-14	E04	LC13	Karpas-299	0.1	N	Y	10000	54.6	80.5	0.23	16.2	3.78	79.8	3505	6.62	0.029	0.26	93.1
2021-01-14	E05	LC13	Karpas-299	0	N	Y	10000	58.2	76	0.16	13.3	2.96	83.6	3701	15	0	0.19	84.8
2021-01-14	E06	LC13	MDA-MB-463	10	Y	Y	10000	62.7	75.8	0.29	1.93	25.8	71.9	3421	4.62	6.99	74.7	13.7
2021-01-14	E07	LC13	MDA-MB-463	1	Y	Y	10000	50	81.1	0.2	1.53	10.4	87.9	3568	29.7	0.11	0.34	69.8
2021-01-14	E08	LC13	MDA-MB-463	0.1	Y	Y	10000	74.7	74.3	0.18	1.24	8.97	89.6	4975	46	0.48	0.42	53.1
2021-01-14	E09	LC13	MDA-MB-463	0	Y	Y	10000	62.9	62.9	0.1	1.29	8.24	90.4	3576	29.2	0.14	0.28	70.4
2021-01-14	E10		MDA-MB-463		Y	N	10000	1.46	89.7	2.29	4.58	1.53	91.6	120	1.67	0	0	98.3
2021-01-14	F02		MDA-MB-463	10	Y	Y	10000	3.25	91.1	0	54.1	23	23	68	4.41	0	4.41	91.2
2021-01-14	F03		MDA-MB-463	1	Y	Y	10000	2.71	90	0	45.1	16	38.9	95	2.11	0	6.32	91.6
2021-01-14	F04		MDA-MB-463	0.1	Y	Y	10000	2.1	92.4	0	52.1	16.5	31.4	61	3.28	0	4.92	91.8
2021-01-14	F05		MDA-MB-463	0	Y	Y	8927	1.62	93.1	0.74	57.8	15.6	25.9	35	2.86	0	2.86	94.3
2021-01-14	F06		Karpas-299	10	N	Y	10000	8.48	78.8	0	96.1	3.74	0.15	1	0	0	0	100
2021-01-14	F07		Karpas-299	1	N	Y	10000	17.1	89	0	79.8	20	0.2	3	33.3	0	0	66.7
2021-01-14	F08		Karpas-299	0.1	N	Y	10000	12.3	92.6	0	71.1	27.9	1.06	12	8.33	0	0	91.7
2021-01-14	F09		Karpas-299	0	N	Y	10000	6.97	86.8	0	97.2	2.81	0	0	0	0	0	0
2021-01-14	F10		MDA-MB-463		Y	N	10000	1.2	79.2	2.11	2.11	0	95.8	91	0	0	0	100
2021-01-14	G02	LC13	MDA-MB-463	10	Y	Y	10000	46	86.3	0.2	1.31	19.5	79	3137	3.54	2.68	61.1	32.6
2021-01-14	G03	LC13	MDA-MB-463	1	Y	Y	10000	64.2	87.7	0.14	0.98	9.36	89.5	5042	36.8	0.18	0.26	62.8
2021-01-14	G04	LC13	MDA-MB-463	0.1	Y	Y	10000	65.9	87.5	0.12	0.78	8.01	91.1	5253	31.6	0.057	0.19	68.2
2021-01-14	G05	LC13	MDA-MB-463	0	Y	Y	10000	66.2	90.7	0.15	1.02	7.88	91	5461	39.1	0.18	0.092	60.6
2021-01-14	G06	LC13	Karpas-299	10	N	Y	10000	71.8	91.7	0.12	15.5	4.97	79.4	5228	13.8	0.077	0.25	85.8
2021-01-14	G07	LC13	Karpas-299	1	N	Y	10000	43.4	79	0.23	11	2.92	85.8	2943	5.84	0.034	0.14	94
2021-01-14	G08	LC13	Karpas-299	0.1	N	Y	10000	54.2	81	0.2	6.51	6.1	87.2	3831	8.56	0.052	0.078	91.3
2021-01-14	G09	LC13	Karpas-299	0	N	Y	10000	56	82.4	0.17	6.39	5.59	87.8	4052	6.76	0	0.049	93.2
2021-01-14	G10		MDA-MB-463		Y	N	10000	0.5	78	7.69	0	0	92.3	36	0	0	0	100
2021-01-20	B02		Karpas-299	10	N	Y	67973	10.1	96.6	0.11	53.9	25.6	20.5	1352	41.5	13.5	23.5	21.5
2021-01-20	B03		Karpas-299	1	N	Y	19336	2.58	97	0.21	70	28.4	1.45	7	57.1	0	0	42.9
2021-01-20	B04		Karpas-299	0.1	N	Y	19285	3.13	97.4	0	46.4	24.1	29.4	173	54.9	6.36	9.25	29.5
2021-01-20	B05		Karpas-299	0	N	Y	24722	2.51	96.9	0	38.9	16.8	44.3	266	63.9	2.26	1.5	32.3
2021-01-20	B06		MDA-MB-436	10	Y	Y	54396	8.78	94.2	0.2	38.9	14.8	46.1	2075	23.7	0.39	0.048	75.9
2021-01-20	B07		MDA-MB-436	1	Y	Y	62517	11.3	97.5	0.23	14.9	7.38	77.5	5327	66.5	0.69	0.17	32.7
2021-01-20	B08		MDA-MB-436	0.1	Y	Y	56429	8.7	95.3	0.24	24.1	10.7	65	3037	60.8	0.82	0.2	38.1
2021-01-20	B09		MDA-MB-436	0	Y	Y	74584	27.9	96.9	0.33	4.81	3.05	91.8	18533	49.2	0.77	0.32	49.7
2021-01-20	B10		Karpas-299		N	N	370455	70.7	90.7	0.65	0.12	0.27	99	234912	2.28	0.04	0.044	97.6
2021-01-20	C02	MAG-IC3	MDA-MB-436	10	Y	Y	245614	42.3	93.2	0.84	3.1	7.88	88.2	85461	35.4	9.45	26.8	28.4
2021-01-20	C03	MAG-IC3	MDA-MB-436	1	Y	Y	147059	38	91.6	0.76	1.92	3.52	93.8	48049	40.7	8.33	21.7	29.3
2021-01-20	C04	MAG-IC3	MDA-MB-436	0.1	Y	Y	124231	37.5	91.6	0.71	2.25	4.01	93	39753	49.5	8.04	12	30.5
2021-01-20	C05	MAG-IC3	MDA-MB-436	0	Y	Y	106310	39.4	91.3	0.52	2.11	3.01	94.4	36088	60.9	3.09	1.54	34.4
2021-01-20	C06	MAG-IC3	Karpas-299	10	N	Y	144829	47.3	91.8	0.47	2.09	2.09	95.3	59943	61.1	0.62	0.34	37.9
2021-01-20	C07	MAG-IC3	Karpas-299	1	N	Y	102664	44.3	89.6	0.62	2.09	1.68	95.6	38957	64.5	0.98	0.36	34.2
2021-01-20	C08	MAG-IC3	Karpas-299	0.1	N	Y	91641	44.3	87.2	0.81	1.81	1.28	96.1	34036	66.1	1.1	0.43	32.3
2021-01-20	C09	MAG-IC3	Karpas-299	0	N	Y	123850	51.7	87.3	0.51	1.1	1.46	96.9	54153	52.9	0.71	0.33	46.1
2021-01-20	C10		Karpas-299		N	N	217358	56.8	59.9	0.65	0.042	0.076	99.2	73362	1.58	0.027	0.02	98.4
2021-01-20	D02	MAG-IC3		Negative			147554	62	94.5	0.62	0.059	0.098	99.2	85719	60	0.79	0.72	38.5
2021-01-20	D03	MAG-IC3		Negative			137539	61.1	98.9	0.3	3.61E-03	4.81E-03	99.7	82944	60.7	0.51	0.16	38.6
2021-01-20	D04	MAG-IC3		Negative			80926	49.4	96.8	0.59	0.098	0.16	99.1	38382	60.5	1.61	1.22	36.7
2021-01-20	D05	MAG-IC3		Negative			79707	45.5	96.6	0.71	5.71E-03	5.71E-03	99.3	34776	63.8	0.61	0.23	35.4
2021-01-20	D06	MAG-IC3		aCD3			59185	36.5	96.6	0.7	0.057	0.048	99.2	20705	52.4	3.95	5.14	38.5
2021-01-20	D07	MAG-IC3		aCD3			63178	34	96	0.89	0.029	0.019	99.1	20406	50.5	2.85	6.3	40.3
2021-01-20	D08	MAG-IC3		aCD3			73829	36.5	95.5	0.92	0.051	0.074	99	25456	50.1	3.43	6.5	40
2021-01-20	D09	MAG-IC3		aCD3			74007	39.7	95.8	0.83	0.22	0.37	98.6	27701	53.6	3.18	6.39	36.8
2021-01-20	D10		Karpas-299		N	N	126183	28	95.5	1.26	0.038	0.018	98.7	33345	0.51	3.00E-03	0.024	99.5
2021-01-20	E02	MAG-IC3	Karpas-299	10	N	Y	128988	40.8	99.1	0.43	3.54	2.57	93.5	48782	51.7	0.54	0.41	47.4
2021-01-20	E03	MAG-IC3	Karpas-299	1	N	Y	103957	19.3	97.6	0.58	3.27	2.37	93.8	18320	53.7	0.59	0.29	45.4
2021-01-20	E04	MAG-IC3	Karpas-299	0.1	N	Y	67591	18.6	94.7	0.79	2.99	1.13	95.1	11322	56.2	0.76	0.49	42.6
2021-01-20	E05	MAG-IC3	Karpas-299	0	N	Y	78883	29.2	94.2	0.72	2.4	1.56	95.3	20713	57.4	0.67	0.51	41.4
2021-01-20	E06	MAG-IC3	MDA-MB-436	10	Y	Y	102656	26	98.4	0.5	2.71	4.99	91.8	24069	30.3	4.17	28.3	37.2
2021-01-20	E07	MAG-IC3	MDA-MB-436	1	Y	Y	77172	16.4	98.9	0.57	2.3	4.09	93	11616	33.5	4.43	25.7	36.4
2021-01-20	E08	MAG-IC3	MDA-MB-436	0.1	Y	Y	125176	40	97.9	0.26	1.93	3.7	94.1	46140	41.7	4.85	13	40.5
2021-01-20	E09	MAG-IC3	MDA-MB-436	0	Y	Y	120660	42	98.4	0.28	1.62	2.72	95.4	47589	51.1	1.86	1.94	45.1
2021-01-20	E10		MDA-MB-436		Y	N	74213	0.3	98.6	3.7	0	0	96.3	208	1.92	0	1.44	96.6
2021-01-20	F02		MDA-MB-436	10	Y	Y	43186	11.9	96.6	0.67	13.2	5.05	81.1	4016	46.9	0.77	1.97	50.4
2021-01-20	F03		MDA-MB-436	1	Y	Y	28872	4.23	96.9	0.34	44	20.5	35.2	416	41.6	0.72	6.97	50.7
2021-01-20	F04		MDA-MB-436	0.1	Y	Y	34304	4.71	96.1	0.13	36.6	13.8	49.5	768	44.7	0.91	3.91	50.5
2021-01-20	F05		MDA-MB-436	0	Y	Y	28376	5.76	94.7	0.065	30.5	13.7	55.7	862	44.7	1.04	3.25	51
2021-01-20	F06		Karpas-299	10	N	Y	39952	3.55	96.6	0.22	60.3	10.1	29.4	403	31	3.47	14.6	50.9
2021-01-20	F07		Karpas-299	1	N	Y	28039	2.53	97.9	0.29	43.7	10.5	45.5	316	44.6	1.27	1.58	52.5
2021-01-20	F08		Karpas-299	0.1	N	Y	23437	1.95	96.7	0.68	59.1	12	28.2	125	36	1.6	3.2	59.2
2021-01-20	F09		Karpas-299	0	N	Y	18405	0.71	98.5	0.78	79.8	7.75	11.6	15	53.3	6.67	0	40
2021-01-20	F10		MDA-MB-436		Y	N	68440	3.25	86.6	5.19	2.44	1.19	91.2	1756	19.6	0.85	4.04	75.5
2021-01-20	G02	MAG-IC3	MDA-MB-436	10	Y	Y	200251	39.4	98.1	1.23	2.48	6.34	89.9	69592	22.5	2.79	28.9	45.8
2021-01-20	G03	MAG-IC3	MDA-MB-436	1	Y	Y	175237	45.2	97.6	0.63	1.21	3.81	94.4	72910	24.4	2.33	22.6	50.7
2021-01-20	G04	MAG-IC3	MDA-MB-436	0.1	Y	Y	168719	47.5	97.1	0.42	1.22	4.58	93.8	73001	29.7	2.48	13.2	54.6
2021-01-20	G05	MAG-IC3	MDA-MB-436	0	Y	Y	146583	51.6	95.9	0.35	1.18	3.89	94.6	68670	41.1	1.16	1.76	55.9
2021-01-20	G06	MAG-IC3	Karpas-299	10	N	Y	136602	38	95.2	0.52	3.22	2.76	93.5	46256	47.3	0.34	0.4	52
2021-01-20	G07	MAG-IC3	Karpas-299	1	N	Y	168765	39.2	95.6	0.5	2.54	2.77	94.2	59538	47.9	0.4	0.35	51.4
2021-01-20	G08	MAG-IC3	Karpas-299	0.1	N	Y	86426	19.9	95.8	0.59	2.69	2.58	94.1	15517	47.7	0.53	0.39	51.4
2021-01-20	G09	MAG-IC3	Karpas-299	0	N	Y	108732	42.9	97	0.42	1.8	2	95.8	43292	47.3	0.43	0.46	51.8
2021-01-20	G10		MDA-MB-436		Y	N	72252	2.89	93.9	4.29	1.79	0.51	93.4	1830	24.3	0.77	1.09	73.9
2021-02-04	B02		Karpas-299	10	N	Y	85020	11.2	99.1	0.011	66.5	33.4	0.042		50	0	0	50
2021-02-04	B03		Karpas-299	1	N	Y	76334	7.79	98.9	0.017	76	23.7	0.36		38.1	4.76	4.76	52.4
2021-02-04	B04		Karpas-299	0.1	N	Y	57806	5.99	99.1	0.029	79.3	20.6	0.087		0	0	0	100
2021-02-04	B05		Karpas-299	0	N	Y	40113	4.95	98.8	0	78.9	21	0.15		0	0	0	100
2021-02-04	B06		MDA-MB-436	10	Y	Y	22021	2.72	96.3	0	74.4	25.5	0.17		0	0	0	100
2021-02-04	B07		MDA-MB-436	1	Y	Y	25575	3.19	97.4	0.13	76.2	23.6	0.13		100	0	0	0
2021-02-04	B08		MDA-MB-436	0.1	Y	Y	30555	3.4	97.5	0.099	70.9	22.3	6.71		26.5	2.94	13.2	57.4
2021-02-04	B09		MDA-MB-436	0	Y	Y	27710	3.48	97.8	0.11	71.9	26.6	1.38		7.69	0	0	92.3
2021-02-04	B10		Karpas-299			N	192411	31.5	98.9	0.64	0.11	0.072	99.2		1.54E+00	0	1.68E-03	98.5
2021-02-04	C02	LC13	MDA-MB-436	10	Y	Y	219022	64.3	98.8	0.1	1.34	1.36	97.2		22.4	4.8	15.9	56.9
2021-02-04	C03	LC13	MDA-MB-436	1	Y	Y	231104	66	98.5	0.11	1.34	1.23	97.3		34.2	0.5	0.7	64.6
2021-02-04	C04	LC13	MDA-MB-436	0.1	Y	Y	184631	63.4	97.2	0.16	1.4	1.12	97.3		59	0.85	0.7	39.5
2021-02-04	C05	LC13	MDA-MB-436	0	Y	Y	107563	45.7	97.3	0.19	1.68	1.32	96.8		41	0.6	0.72	57.6
2021-02-04	C06	LC13	Karpas-299	10	N	Y	113499	39.6	97.6	0.16	5.57	3.55	90.7		35.6	0.4	1.16	62.9
2021-02-04	C07	LC13	Karpas-299	1	N	Y	87362	32.7	97.3	0.16	7.46	2.72	89.7		38.9	0.31	0.69	60.1
2021-02-04	C08	LC13	Karpas-299	0.1	N	Y	67702	29.3	98.2	0.27	6.91	2.07	90.8		35.8	0.3	0.73	63.2
2021-02-04	C09	LC13	Karpas-299	0	N	Y	163310	63.9	97.8	0.15	3.36	2.26	94.2		46.3	0.42	0.65	52.6
2021-02-04	C10		Karpas-299			N	344338	59.3	97.2	5.20E-01	1.01E-03	3.53E-03	99.5		1.43E+00	5.06E-04	5.06E-03	98.6
2021-02-04	D02	LC13		Negative		Y	53696	47	97.6	0.42	0.061	0.045	99.5		28.1	0.21	0.59	71.1
2021-02-04	D03	LC13		Negative		Y	45191	41	98.5	5.40E-01	5.48E-03	0	99.5		33	0.25	0.44	66.3
2021-02-04	D04	LC13		Negative		Y	58558	47.4	98.3	0.67	0.015	0.011	99.3		39.5	0.35	0.62	59.5
2021-02-04	D05	LC13		Negative		Y	39467	42.2	97.4	0.55	0	0.019	99.4		43.3	0.33	0.5	55.9
2021-02-04	D06	LC13		aCD3		Y	83791	31.9	97.7	8.70E-01	3.83E-03	0	99.1		8.22	3.4	49.2	39.2
2021-02-04	D07	LC13		aCD3		Y	65685	21.9	97	1.04	0.014	0	98.9		8.08	3.54	53.5	34.8
2021-02-04	D08	LC13		aCD3		Y	59383	15.3	96.5	1.11	0	0	98.9		8.65	4.06	52.5	34.8
2021-02-04	D09	LC13		aCD3		Y	105640	39	96.1	7.00E-01	7.57E-03	0.015	99.3		8.01	4.58	55.7	31.7
2021-02-04	D10		Karpas-299			N	123541	17.1	96.8	1.31	1.50E-02	4.90E-03	98.7		1.35	0	9.93E-03	98.6
2021-02-04	E02	LC13	Karpas-299	10	N	Y	154495	64.2	98.3	0.11	2.79	2.22	94.9		32.9	0.17	0.42	66.6
2021-02-04	E03	LC13	Karpas-299	1	N	Y	75450	19.2	97.3	0.33	7.72	4.13	87.8		44	0.3	0.61	55
2021-02-04	E04	LC13	Karpas-299	0.1	N	Y	92603	37.6	96.7	0.24	6.72	4.74	88.3		53	0.45	0.51	46.1
2021-02-04	E05	LC13	Karpas-299	0	N	Y	68806	22.7	97.9	0.4	7.65	2.14	89.8		47	0.31	0.5	52.1
2021-02-04	E06	LC13	MDA-MB-436	10	Y	Y	62359	14.2	96.9	0.47	2.57	3.43	93.5		31.1	10.1	23.1	35.7
2021-02-04	E07	LC13	MDA-MB-436	1	Y	Y	61378	23.1	97.3	0.38	2.13	2.45	95		63.8	1.01	0.7	34.5
2021-02-04	E08	LC13	MDA-MB-436	0.1	Y	Y	54299	18.2	96.4	0.45	2.38	2.27	94.9		60.7	0.91	0.83	37.5
2021-02-04	E09	LC13	MDA-MB-436	0	Y	Y	169445	62.4	97.9	0.2	1	0.94	97.9		53.8	0.66	0.63	44.9
2021-02-04	E10		MDA-MB-436			N	119859	1.04	95.8	8.76	0.42	0	90.8		1.38	0.092	0	98.5
2021-02-04	F02		MDA-MB-436	10	Y	Y	31982	2.23	97.6	0.57	70.7	26.4	2.3		25	0	6.25	68.8
2021-02-04	F03		MDA-MB-436	1	Y	Y	21654	0.78	95.2	0	63.1	15.6	21.2		32.4	0	2.94	64.7
2021-02-04	F04		MDA-MB-436	0.1	Y	Y	13206	0.74	95.9	0	76.6	23.4	0		0	0	0	0
2021-02-04	F05		MDA-MB-436	0	Y	Y	32044	1.34	95.6	0	73.7	24.3	1.95		12.5	0	0	87.5
2021-02-04	F06		Karpas-299	10	N	Y	92543	7.96	97.7	0.028	67.4	32.4	0.15		9.09	0	0	90.9
2021-02-04	F07		Karpas-299	1	N	Y	65370	6.56	98.6	0.024	69	30.1	0.88		29.7	0	0	70.3
2021-02-04	F08		Karpas-299	0.1	N	Y	55476	5.05	97.3	0	82.7	17.2	0.11		33.3	0	0	66.7
2021-02-04	F09		Karpas-299	0	N	Y	41280	4.61	96.7	0	89.3	10.6	0.054		100	0	0	0
2021-02-04	F10		MDA-MB-436			N	18532	1.19	97.7	6.02	2.78	4.17	87		3.72	0	0	96.3
2021-02-04	G02	LC13	MDA-MB-436	10	Y	Y	172296	56.6	98.6	0.15	1.58	1.91	96.4		18.1	5.04	25.5	51.3
2021-02-04	G03	LC13	MDA-MB-436	1	Y	Y	136334	62.2	97.9	0.15	0.83	0.82	98.2		38.9	0.31	0.53	60.2
2021-02-04	G04	LC13	MDA-MB-436	0.1	Y	Y	50569	25.7	96.7	0.52	1.91	2.05	95.5		39.6	0.52	0.64	59.2
2021-02-04	G05	LC13	MDA-MB-436	0	Y	Y	95964	43.2	92.3	0.31	1.77	2.45	95.5		46.5	0.55	0.57	52.4
2021-02-04	G06	LC13	Karpas-299	10	N	Y	125151	32.8	96.2	0.32	8.9	4.54	86.2		32	0.17	0.45	67.4
2021-02-04	G07	LC13	Karpas-299	1	N	Y	171251	46.5	93.4	0.21	5.36	6.12	88.3		31.7	0.22	0.52	67.5
2021-02-04	G08	LC13	Karpas-299	0.1	N	Y	75849	37.7	91.4	0.43	4.02	6.56	89		13.2	0.06	0.37	86.4
2021-02-04	G09	LC13	Karpas-299	0	N	Y	193057	59.7	95.5	0.18	3.95	2.96	92.9		26.8	0.18	0.44	72.6
2021-02-04	G10		MDA-MB-436			N	159232	0.87	85.3	9.93	0.51	0.084	89.5		0.75	0.094	0.094	99.1
2021-02-11	B02		SK-N-SH	10	N	Y	60533	32.3	80.2	0	52.3	46.7	0.99	155	45.2	2.58	3.23	49
2021-02-11	B03		SK-N-SH	1	N	Y	54743	29.2	76.3	0	52.5	46.6	0.91	111	55	1.8	4.5	38.7
2021-02-11	B04		SK-N-SH	0.1	N	Y	82695	31	77.3	5.05E-03	53.2	46.2	0.61	121	52.1	4.13	0.83	43
2021-02-11	B05		SK-N-SH	0	N	Y	98932	27.3	75.4	0	53.1	46.3	0.59	120	48.3	2.5	5	44.2
2021-02-11	B06		Karpas-299	10	Y	Y	69389	17.6	94.2	0	69.3	29.8	0.88	101	52.5	1.98	0	45.5
2021-02-11	B07		Karpas-299	1	Y	Y	52959	17	92.8	0	67.8	30.9	1.23	103	50.5	0.97	0.97	47.6
2021-02-11	B08		Karpas-299	0.1	Y	Y	44148	13.6	93.3	0.036	66.9	31.4	1.68	94	56.4	1.06	0	42.6
2021-02-11	B09		Karpas-299	0	Y	Y	57592	22.2	96.1	0.016	64.4	34.2	1.42	174	43.1	4.6	5.17	47.1
2021-02-11	B10	 	SK-N-SH	 	N	N	230482	11.8	87	2.91	0.25	0.22	96.6	22894	1.45	0.017	0.048	98.5
2021-02-11	C02	D2H	Karpas-299	10	Y	Y	324500	54.8	92.2	0.21	3.37	17.7	78.7	129080	26.5	5.47	14.5	53.5
2021-02-11	C03	D2H	Karpas-299	1	Y	Y	277871	53.1	92.9	0.26	3.66	13.8	82.2	112722	24.7	6.89	15.1	53.4
2021-02-11	C04	D2H	Karpas-299	0.1	Y	Y	177872	53.3	93.8	0.21	2.41	9.15	88.2	78483	31.3	5.94	9.2	53.5
2021-02-11	C05	D2H	Karpas-299	0	Y	Y	151062	65.1	93.4	0.26	2	9.15	88.6	81280	41.9	0.64	0.84	56.6
2021-02-11	C06	D2H	SK-N-SH	10	N	Y	143364	61.7	92.7	0.28	2.74	6.98	90	73821	44.1	0.74	0.69	54.5
2021-02-11	C07	D2H	SK-N-SH	1	N	Y	135979	58	92.7	0.29	3.26	8.72	87.7	64081	33.8	0.7	0.97	64.5
2021-02-11	C08	D2H	SK-N-SH	0.1	N	Y	127998	58.1	93.2	0.23	2.82	6.8	90.1	62528	29.5	0.51	0.75	69.2
2021-02-11	C09	D2H	SK-N-SH	0	N	Y	114817	54.5	93.7	0.13	3.07	5.92	90.9	53269	23.5	0.21	0.56	75.7
2021-02-11	C10		SK-N-SH		N	N	194238	9.77	87.7	3.32	0.28	0.23	96.2	15997	3.07	0.056	0.12	96.8
2021-02-11	D02	D2H		Negative			313140	85.3	53.5	0.24	0.014	0.032	99.7	142452	30.7	0.13	0.29	68.9
2021-02-11	D03	D2H		Negative			105612	66.4	90.3	0.22	0.017	0.06	99.7	63074	32.2	0.15	0.31	67.3
2021-02-11	D04	D2H		Negative			82279	68.1	89.8	0.19	0.028	0.07	99.7	50194	30.9	0.14	0.24	68.7
2021-02-11	D05	D2H		Negative			77117	64.2	89.5	0.21	0.023	0.045	99.7	44196	27.5	0.15	0.28	72.1
2021-02-11	D06	D2H		aCD3			95494	68.8	92.2	0.17	0.036	0.061	99.7	60393	22.4	0.51	1.1	76
2021-02-11	D07	D2H		aCD3			122048	72.8	91.7	0.18	0.015	0.049	99.8	81198	16.8	0.45	1.24	81.5
2021-02-11	D08	D2H		aCD3			23052	34.9	90.5	0.84	0.11	0.096	99	7212	32.8	0.18	0.61	66.4
2021-02-11	D09	D2H		aCD3			65061	56	92.3	0.19	0.021	0.048	99.7	33573	14	0.16	0.79	85.1
2021-02-11	D10		SK-N-SH		N	N	139388	1.85	94	3.5	0.37	0.21	95.9	2330	0.99	0	0.13	98.9
2021-02-11	E02	D2H	SK-N-SH	10	N	Y	391600	79.7	90.4	0.1	1.74	3.94	94.2	265763	30.4	0.12	0.25	69.3
2021-02-11	E03	D2H	SK-N-SH	1	N	Y	82010	40.6	88.9	0.12	2.02	4.2	93.7	27706	34.7	0.14	0.19	64.9
2021-02-11	E04	D2H	SK-N-SH	0.1	N	Y	72218	40.8	90.7	0.13	1.66	3.31	94.9	25390	34.6	0.15	0.3	64.9
2021-02-11	E05	D2H	SK-N-SH	0	N	Y	86102	39	90.1	0.1	2.15	4.51	93.2	28198	32.3	0.15	0.3	67.3
2021-02-11	E06	D2H	Karpas-299	10	Y	Y	145330	21.1	86	0.37	2.71	10.7	86.2	22709	12.5	2.36	21.2	64
2021-02-11	E07	D2H	Karpas-299	1	Y	Y	119910	17.7	86.4	0.52	3.22	8.25	88	16135	13.6	1.6	14.6	70.2
2021-02-11	E08	D2H	Karpas-299	0.1	Y	Y	80267	25.4	87.1	0.27	2.41	4.09	93.2	16552	15.2	0.87	7.29	76.7
2021-02-11	E09	D2H	Karpas-299	0	Y	Y	57670	35.5	88.1	0.18	1.74	4.14	93.9	16947	22.7	0.13	0.38	76.8
2021-02-11	E10		Karpas-299		Y	N	105295	21.4	93.2	0.81	0.052	0.2	98.9	20814	2.48	9.61E-03	0	97.5
2021-02-11	F02		Karpas-299	10	Y	Y	88932	18.8	93.2	6.42E-03	63.8	34.6	1.61	250	32.4	0.8	4.8	62
2021-02-11	F03		Karpas-299	1	Y	Y	42681	9.1	88	0	85.3	11.7	2.98	102	36.3	0.98	4.9	57.8
2021-02-11	F04		Karpas-299	0.1	Y	Y	32767	6.46	85.5	0	85.2	11.6	3.15	57	36.8	0	0	63.2
2021-02-11	F05		Karpas-299	0	Y	Y	42704	10.6	92.1	0	72.8	23	4.2	175	33.7	0.57	1.14	64.6
2021-02-11	F06		SK-N-SH	10	N	Y	26287	6.76	84.4	0	47.2	45	7.87	118	21.2	2.54	20.3	55.9
2021-02-11	F07		SK-N-SH	1	N	Y	51905	9.68	80.9	0	57.2	40.4	2.41	98	23.5	2.04	5.1	69.4
2021-02-11	F08		SK-N-SH	0.1	N	Y	46705	15.1	88.6	0.032	51.7	42.5	5.79	361	27.4	3.6	11.9	57.1
2021-02-11	F09		SK-N-SH	0	N	Y	38733	5.36	91.7	0	53.5	44.9	1.63	31	29	0	6.45	64.5
2021-02-11	F10		Karpas-299		Y	N	169542	19.3	94.8	0.92	0.061	0.18	98.8	30621	2.88	0	3.27E-03	97.1
2021-02-11	G02	D2H	Karpas-299	10	Y	Y	363496	53.3	89.8	0.3	2.53	10.9	86.2	150041	8.94	1.1	18.4	71.5
2021-02-11	G03	D2H	Karpas-299	1	Y	Y	298208	52.2	88.2	0.23	2.72	8.29	88.8	121839	13.1	1.56	17.2	68.2
2021-02-11	G04	D2H	Karpas-299	0.1	Y	Y	101527	26.9	87.6	0.33	2.92	5.87	90.9	21781	20.9	1.33	8.26	69.5
2021-02-11	G05	D2H	Karpas-299	0	Y	Y	61594	35.7	85.9	0.29	1.65	4.19	93.9	17719	25	0.056	0.33	74.6
2021-02-11	G06	D2H	SK-N-SH	10	N	Y	48762	19.4	92.8	0.41	2.6	3.88	93.1	8179	28.1	0.11	0.24	71.5
2021-02-11	G07	D2H	SK-N-SH	1	N	Y	186935	55	90.4	0.17	2.97	5.13	91.7	85246	29.7	0.087	0.27	70
2021-02-11	G08	D2H	SK-N-SH	0.1	N	Y	121313	53.1	91.5	0.23	1.74	3.18	94.8	55874	25.8	0.05	0.25	73.9
2021-02-11	G09	D2H	SK-N-SH	0	N	Y	370401	70.3	90.5	0.13	2.27	5.39	92.2	217262	21.6	0.049	0.2	78.1
2021-02-11	G10		Karpas-299		Y	N	5.21E+05	38.2	95.8	0.65	0.038	0.15	99.2	189041	2.3	3.70E-03	0.015	97.7
2021-02-17	B02	 	Karpas-299	10	N	Y	118991	22.7	91.6	4.04E-03	77.2	22.4	0.39	97	70.1	2.06	2.06	26.8
2021-02-17	B03		Karpas-299	1	N	Y	79354	17.5	92.2	0.016	85.5	13.9	0.53	68	72.1	1.47	0	26.5
2021-02-17	B04		Karpas-299	0.1	N	Y	67650	16.6	97.9	0.018	78.2	21.1	0.68	75	62.7	4	2.67	30.7
2021-02-17	B05		Karpas-299	0	N	Y	118566	23.4	94.1	7.66E-03	63.3	36.4	0.23	60	70	1.67	3.33	25
2021-02-17	B06		MDA-MB-436	10	Y	Y	72282	2.38	95.8	0.43	67.3	25.8	6.56	108	65.7	5.56	3.7	25
2021-02-17	B07		MDA-MB-436	1	Y	Y	53000	2.31	96.2	0.085	72.1	20.7	7.14	84	64.3	1.19	2.38	32.1
2021-02-17	B08		MDA-MB-436	0.1	Y	Y	48838	1.96	96.1	0.44	63.5	25.3	10.8	99	57.6	4.04	0	38.4
2021-02-17	B09		MDA-MB-436	0	Y	Y	67925	2	95.5	0.077	66.8	26.6	6.54	85	67.1	0	0	32.9
2021-02-17	B10		Karpas-299			N	207051	39.4	95	1.45	2.16	16.2	80.1	62188	2.91	9.65E-03	0.031	97.1
2021-02-17	C02	MAG-IC3	MDA-MB-436	10	Y	Y	313683	41.5	96.4	0.3	3.39	46.2	50.1	62899	48.9	3.33	13	35
2021-02-17	C03	MAG-IC3	MDA-MB-436	1	Y	Y	188234	35.6	95.8	0.45	2.97	37.4	59.2	38010	51.2	4.11	10.8	34.1
2021-02-17	C04	MAG-IC3	MDA-MB-436	0.1	Y	Y	153469	32.7	96	0.37	2.37	28.2	69	33288	54.6	4.04	8.14	33.6
2021-02-17	C05	MAG-IC3	MDA-MB-436	0	Y	Y	136468	38.3	96.3	0.14	1.82	15.1	82.9	41770	53.2	1.58	2.9	42.5
2021-02-17	C06	MAG-IC3	Karpas-299	10	N	Y	205927	40.8	94.3	0.062	15.5	29.8	54.6	43259	35.2	0.17	2.38	62.4
2021-02-17	C07	MAG-IC3	Karpas-299	1	N	Y	131007	32.7	96.1	0.058	8.47	21.9	69.5	28612	25.4	0.087	1.34	73.2
2021-02-17	C08	MAG-IC3	Karpas-299	0.1	N	Y	122869	31.2	94.9	0.11	6.67	20.8	72.4	26332	34.1	0.14	1.38	64.4
2021-02-17	C09	MAG-IC3	Karpas-299	0	N	Y	144388	39.8	94.7	0.1	11.7	23.2	65.1	35477	34.6	0.18	1.9	63.3
2021-02-17	C10		Karpas-299			N	158722	30.5	93.4	1.29	1.55	14.6	82.6	37352	2.34	0	0.064	97.6
2021-02-17	D02	MAG-IC3		Negative			66674	44.5	96.4	1	0.12	0.14	98.7	28261	20	0.042	0.71	79.2
2021-02-17	D03	MAG-IC3		Negative			70305	43.6	95	1.23	0.2	0.2	98.4	28681	23	0.056	0.73	76.3
2021-02-17	D04	MAG-IC3		Negative			73314	50.1	95.3	0.98	0.15	0.19	98.7	34550	25.6	0.052	0.72	73.6
2021-02-17	D05	MAG-IC3		Negative			62368	40.7	92.3	1.13	0.14	0.24	98.5	23088	29.8	0.082	0.69	69.4
2021-02-17	D06	MAG-IC3		aCD3			75186	28.2	91.6	2.25	0.19	0.29	97.3	18910	24.8	0.34	5.24	69.7
2021-02-17	D07	MAG-IC3		aCD3			70604	25.3	93.7	2.35	0.15	0.35	97.1	16277	21.5	0.36	5.03	73.1
2021-02-17	D08	MAG-IC3		aCD3			68729	22.2	92.2	2.62	0.22	0.23	96.9	13625	28.6	0.54	5.77	65.1
2021-02-17	D09	MAG-IC3		aCD3			59189	28.3	91.5	2.04	0.26	0.54	97.2	14881	34.4	0.74	4.97	60
2021-02-17	D10		Karpas-299			N	102350	19.1	95.1	1.58	1.4	13	84	15588	2.59	0	0.058	97.4
2021-02-17	E02	MAG-IC3	Karpas-299	10	N	Y	188863	43.3	93.6	0.11	15	24.7	60.2	46014	25.7	0.07	2.36	71.9
2021-02-17	E03	MAG-IC3	Karpas-299	1	N	Y	88369	21.2	91.3	0.2	12.7	16.4	70.7	12085	27.7	0.12	1.75	70.6
2021-02-17	E04	MAG-IC3	Karpas-299	0.1	N	Y	98347	16.3	93.5	0.17	15.1	20.1	64.6	9672	30.6	0.093	2.09	67.3
2021-02-17	E05	MAG-IC3	Karpas-299	0	N	Y	93529	12.7	94.6	0.18	12.5	21.6	65.7	7394	31.1	0.14	2.1	66.7
2021-02-17	E06	MAG-IC3	MDA-MB-436	10	Y	Y	116765	6.88	95	1.3	7.59	46.8	44.3	3379	45.5	3.26	20.2	31.5
2021-02-17	E07	MAG-IC3	MDA-MB-436	1	Y	Y	92381	10.1	94.5	1.5	5.19	34.5	58.8	5201	42.6	3.11	14.9	39.6
2021-02-17	E08	MAG-IC3	MDA-MB-436	0.1	Y	Y	70404	11.7	94.3	1.31	2.95	21.7	74	5764	53.2	3.7	11	32.5
2021-02-17	E09	MAG-IC3	MDA-MB-436	0	Y	Y	51976	25.5	90	0.57	1.74	9.11	88.6	10566	47.1	0.89	2.76	49.3
2021-02-17	E10		MDA-MB-436			N	42164	4.84	93.4	3.09	5.51	18	73.4	1399	9.44	0.14	0.86	89.6
2021-02-17	F02		MDA-MB-436	10	Y	Y	68693	1.59	96.4	0	61.7	26.7	11.6	122	45.1	1.64	3.28	50
2021-02-17	F03		MDA-MB-436	1	Y	Y	44692	1.21	96.1	0.19	60.7	28.3	10.8	56	42.9	1.79	5.36	50
2021-02-17	F04		MDA-MB-436	0.1	Y	Y	37195	1.4	96.2	0.2	59.2	25.8	14.8	74	48.6	1.35	5.41	44.6
2021-02-17	F05		MDA-MB-436	0	Y	Y	45752	1.5	95.2	0.15	55.6	25.2	19	124	50	0	4.84	45.2
2021-02-17	F06		Karpas-299	10	N	Y	96843	15.1	91.8	7.44E-03	60.8	38.7	0.56	75	58.7	1.33	4	36
2021-02-17	F07		Karpas-299	1	N	Y	71962	6.12	91.4	0	60.1	38.9	1.02	41	46.3	7.32	4.88	41.5
2021-02-17	F08		Karpas-299	0.1	N	Y	90577	5.19	89.9	0	66.4	32.8	0.85	36	52.8	2.78	2.78	41.7
2021-02-17	F09		Karpas-299	0	N	Y	122488	21	90.8	0.026	50.8	30.7	18.5	4317	61.5	1.18	3.59	33.9
2021-02-17	F10		MDA-MB-436			N	29016	3.79	96.3	2.46	14.1	21.8	61.7	653	14.4	0.31	1.84	83.5
2021-02-17	G02	MAG-IC3	MDA-MB-436	10	Y	Y	178724	22.3	91.7	0.61	5.56	43.2	50.6	18537	42	2.07	18.1	38
2021-02-17	G03	MAG-IC3	MDA-MB-436	1	Y	Y	183283	30.8	93.9	0.58	3.43	35.2	60.8	32241	44.9	2.95	16.4	35.9
2021-02-17	G04	MAG-IC3	MDA-MB-436	0.1	Y	Y	77535	7.56	92.5	1.38	4.87	25.1	68.6	3721	45.8	3.68	13.5	37.1
2021-02-17	G05	MAG-IC3	MDA-MB-436	0	Y	Y	61769	9.56	92.8	0.46	3.89	12.9	82.8	4533	51.4	1.63	4.72	42.6
2021-02-17	G06	MAG-IC3	Karpas-299	10	N	Y	87002	15.4	91.8	0.19	13.1	20.3	66.4	8172	34.5	0.12	1.84	63.6
2021-02-17	G07	MAG-IC3	Karpas-299	1	N	Y	89294	15.9	93.1	0.2	13.1	23.6	63	8343	35.4	0.12	2.22	62.3
2021-02-17	G08	MAG-IC3	Karpas-299	0.1	N	Y	55395	10.1	91.1	0.2	22.5	22.1	55.1	2822	46.5	0.14	1.84	51.6
2021-02-17	G09	MAG-IC3	Karpas-299	0	N	Y	83514	16.8	92.6	0.038	35.8	29.1	35	4549	50.1	0.31	1.91	47.7
2021-02-17	G10		MDA-MB-436			N	149879	1.47	98.1	4.76	7.16	21.1	67	1450	7.86	0.28	1.38	90.5
2021-02-19	B02		SK-N-SH	10	N	Y	38398	56.2	89.1	0.88	5.89	41.8	51.8	9977	63.9	5.03	6.71	24.4
2021-02-19	B03		SK-N-SH	1	N	Y	52134	51.3	92.2	0.55	6.66	51.5	41.3	10188	64.9	4.97	7.25	23.1
2021-02-19	B04		SK-N-SH	0.1	N	Y	74706	39	88.6	0.019	9.4	90.1	0.46	118	47.5	5.93	1.69	44.9
2021-02-19	B05		SK-N-SH	0	N	Y	32687	33.2	88.2	0.1	7.48	91.5	0.94	90	40	1.11	5.56	53.3
2021-02-19	B06		Karpas-299	10	Y	Y	93970	67.4	89	0.074	12.1	86.6	1.28	721	5.13	0.28	0.42	94.2
2021-02-19	B07		Karpas-299	1	Y	Y	55508	60	86.1	0.07	9.96	88.6	1.37	394	6.6	0	0.51	92.9
2021-02-19	B08		Karpas-299	0.1	Y	Y	71761	45.1	87.2	0.092	14.3	84.3	1.28	361	7.48	0.28	0.83	91.4
2021-02-19	B09		Karpas-299	0	Y	Y	35974	49.8	92.5	0.19	7.09	77	15.7	2598	55.4	2.39	0.96	41.3
2021-02-19	B10		SK-N-SH		N	N	57283	29.2	50.4	7.49	1.33	2.7	88.5	7462	4.95	0.24	0.46	94.4
2021-02-19	C02	D2H	Karpas-299	10	Y	Y	50562	45.7	80.9	1.8	7.48	39.3	51.4	9598	20.4	7.25	31	41.5
2021-02-19	C03	D2H	Karpas-299	1	Y	Y	52848	42.6	83.6	2.07	7.11	38.6	52.2	9809	22.5	9.96	32.1	35.9
2021-02-19	C04	D2H	Karpas-299	0.1	Y	Y	61814	35.1	82.8	2.6	5.02	39.3	53.1	9527	21.7	7.32	25.4	45.9
2021-02-19	C05	D2H	Karpas-299	0	Y	Y	22818	59.6	73.5	1.11	2.14	15.1	81.7	8169	32.6	0.82	1.52	65.1
2021-02-19	C06	D2H	SK-N-SH	10	N	Y	75823	60.3	93.2	0.75	0.68	2.33	96.2	40999	50.4	2.12	1.57	45.9
2021-02-19	C07	D2H	SK-N-SH	1	N	Y	41330	69.7	86.6	0.64	0.56	1.77	97	24218	57.5	1.92	1.09	39.6
2021-02-19	C08	D2H	SK-N-SH	0.1	N	Y	24764	47.4	88.7	0.74	0.82	9.68	88.8	9239	57.3	1.73	1.1	39.9
2021-02-19	C09	D2H	SK-N-SH	0	N	Y	16594	72	74.4	0.81	0.65	4.06	94.5	8395	43.2	1.54	1.49	53.9
2021-02-19	C10		SK-N-SH		N	N	57370	25.7	66.1	6.55	2.24	4.69	86.5	8436	4.91	0.46	0.38	94.3
2021-02-19	D02	D2H		Negative			15545	73.3	62.5	1.66	0.52	0.22	97.6	6948	23.8	0.76	2.06	73.4
2021-02-19	D03	D2H		Negative			17425	69.5	55.8	1.51	0.53	0.18	97.8	6607	25.5	0.97	1.23	72.3
2021-02-19	D04	D2H		Negative			19936	59.1	62	1.89	0.64	0.19	97.3	7107	23.8	0.58	0.93	74.7
2021-02-19	D05	D2H		Negative			20236	55	62.2	1.91	0.98	0.14	97	6711	20.9	0.39	0.95	77.8
2021-02-19	D06	D2H		aCD3			30885	37.8	84	2.84	0.36	0.63	96.2	9424	28.8	4.94	9.36	57.2
2021-02-19	D07	D2H		aCD3			27561	42.9	76.6	3.04	0.21	0.45	96.3	8717	23.6	3.5	8.13	64.9
2021-02-19	D08	D2H		aCD3			37411	30.7	91	2.46	0.35	1.21	96	10021	26.6	4.51	9.77	59.3
2021-02-19	D09	D2H		aCD3			29683	38.5	87.3	2.44	0.31	1.54	95.7	9543	41.3	8.18	10	40.7
2021-02-19	D10		SK-N-SH		N	N	106414	15.6	76.4	8.58	1.69	5.25	84.5	10699	2.56	0.43	0.35	96.7
2021-02-19	E02	D2H	SK-N-SH	10	N	Y	18399	69	65.4	1.35	1.11	5.85	91.7	7615	52.1	2.32	2.13	43.5
2021-02-19	E03	D2H	SK-N-SH	1	N	Y	19819	62.2	64.5	1.46	1.17	6.36	91	7241	57.5	2.4	1.48	38.7
2021-02-19	E04	D2H	SK-N-SH	0.1	N	Y	33573	35.7	86.9	1.69	1.38	8.58	88.3	9201	36.5	1.03	2.33	60.1
2021-02-19	E05	D2H	SK-N-SH	0	N	Y	27839	42.1	86.2	1.97	1.06	6.21	90.8	9179	33.8	1.32	3.77	61.1
2021-02-19	E06	D2H	Karpas-299	10	Y	Y	106522	14.8	89.7	4.85	4.95	29.5	60.7	8597	21.6	5.29	30.7	42.6
2021-02-19	E07	D2H	Karpas-299	1	Y	Y	86966	13.6	90.8	5.09	5.18	32.5	57.2	6145	21.6	7.05	36.1	35.5
2021-02-19	E08	D2H	Karpas-299	0.1	Y	Y	89406	19	92	3.16	4.53	35.4	56.9	8891	22.7	8.28	31.5	37.8
2021-02-19	E09	D2H	Karpas-299	0	Y	Y	35030	37.7	87.5	1.48	1.84	15.7	81	9368	35.8	0.93	1.53	61.8
2021-02-19	E10		Karpas-299		Y	N	75643	23.1	88.5	2.26	1.71	12.2	83.8	12935	3.15	0.07	0.1	96.7
2021-02-19	F02		Karpas-299	10	Y	Y	41156	54.5	89.7	0.24	8.19	77.3	14.3	2878	50.3	2.71	6.5	40.5
2021-02-19	F03		Karpas-299	1	Y	Y	16142	26.5	86.1	0.24	5.11	91	3.62	133	25.6	3.01	1.5	69.9
2021-02-19	F04		Karpas-299	0.1	Y	Y	15141	22.7	88.6	0.098	4.76	92.6	2.5	76	14.5	0	1.32	84.2
2021-02-19	F05		Karpas-299	0	Y	Y	16409	31	91	0.11	9.9	87.6	2.38	110	14.5	0.91	0.91	83.6
2021-02-19	F06		SK-N-SH	10	N	Y	31841	9.69	90.8	0.21	9.92	85.4	4.43	124	50	3.23	4.84	41.9
2021-02-19	F07		SK-N-SH	1	N	Y	42776	11.2	92.5	0.74	9.73	73.9	15.6	694	47.7	7.2	15.9	29.5
2021-02-19	F08		SK-N-SH	0.1	N	Y	46407	11.7	87.6	0.93	7.07	59	33	1563	52.6	3.65	7.55	36.5
2021-02-19	F09		SK-N-SH	0	N	Y	47170	21.8	92.7	2.1	3.49	27.5	67	6378	16.3	0.75	1.65	81.3
2021-02-19	F10		Karpas-299		Y	N	62461	20.3	88.9	2.2	1.18	11.9	84.7	9553	2.09	0.01	0.031	97.9
2021-02-19	G02	D2H	Karpas-299	10	Y	Y	48365	48.7	82.7	1.41	8.05	40.8	49.7	9692	24.5	4.99	34.7	36.1
2021-02-19	G03	D2H	Karpas-299	1	Y	Y	49798	44	84.6	1.75	7.47	39	51.8	9596	25.8	8.11	36.2	30.4
2021-02-19	G04	D2H	Karpas-299	0.1	Y	Y	44468	14.6	91.5	4.22	3.95	27.4	64.4	3831	28	5.35	29.9	36.9
2021-02-19	G05	D2H	Karpas-299	0	Y	Y	36404	28.1	90.9	1.55	2.33	17.7	78.4	7293	36.8	0.82	1.32	61.1
2021-02-19	G06	D2H	SK-N-SH	10	N	Y	19142	62.6	65.4	1.24	1.06	3.98	93.7	7340	55.9	1.96	1.49	40.7
2021-02-19	G07	D2H	SK-N-SH	1	N	Y	20667	55.5	82.1	0.89	1.15	4.16	93.8	8831	57.9	1.98	1.47	38.7
2021-02-19	G08	D2H	SK-N-SH	0.1	N	Y	21368	56	75.9	0.8	0.96	4.86	93.4	8469	58.2	2	1.66	38.2
2021-02-19	G09	D2H	SK-N-SH	0	N	Y	31576	39.4	90.1	1.38	1.12	5.88	91.6	10265	40.7	1.08	0.87	57.4
2021-02-19	G10		Karpas-299		Y	N	57638	27.6	90	2.02	1.6	12.3	84.1	12043	2.67	0.066	0.12	97.1
2021-03-26	B02		Karpas-299	10	N	Y	102277	74.7	93.1	0.027	8.1	91.5	0.41	295	19.3	0	0.68	80
2021-03-26	B03		Karpas-299	1	N	Y	101508	71.7	94.7	0.038	6.46	91.2	2.28	1574	67.9	14.3	2.48	15.4
2021-03-26	B04		Karpas-299	0.1	N	Y	81592	70.2	95.1	0.011	5.35	94.1	0.55	298	17.1	2.35	0.34	80.2
2021-03-26	B05		Karpas-299	0	N	Y	61712	63.9	95.4	0.011	4.53	95.2	0.31	115	15.7	0.87	0	83.5
2021-03-26	B06		SW620	10	Y	Y	59386	25	80.6	0.075	9.37	88.6	1.94	232	37.5	1.29	0	61.2
2021-03-26	B07		SW620	1	Y	Y	56642	20.7	84	0.051	10.7	87.9	1.39	137	16.8	0	0	83.2
2021-03-26	B08		SW620	0.1	Y	Y	61386	16.7	83.7	0.093	10.9	87.9	1.12	96	7.29	0	0	92.7
2021-03-26	B09		SW620	0	Y	Y	94756	40.2	77.4	0.18	8.17	89.9	1.73	509	39.3	6.48	2.75	51.5
2021-03-26	B10		Karpas-299		N	N	41034	62.2	92.6	1.12	4.8	32.9	61.1	14454	1.36	0.014	0	98.6
2021-03-26	C02	C1-28	SW620	10	Y	Y	38362	56.5	87.8	0.41	5.02	38.8	55.7	10613	71	14	6.21	8.7
2021-03-26	C03	C1-28	SW620	1	Y	Y	46137	40.9	90.2	0.48	4.08	34.2	61.2	10423	83	6.72	1.51	8.73
2021-03-26	C04	C1-28	SW620	0.1	Y	Y	43319	43.4	90.2	0.44	4.32	33.2	62	10511	85.1	3.86	0.55	10.5
2021-03-26	C05	C1-28	SW620	0	Y	Y	51618	31.8	93.8	0.36	3.99	28.2	67.5	10383	88	2.68	0.29	9.07
2021-03-26	C06	C1-28	Karpas-299	10	N	Y	42016	47.1	96.7	1.07	2.9	41.9	54.1	10354	81.6	3.1	0.61	14.7
2021-03-26	C07	C1-28	Karpas-299	1	N	Y	39041	53.7	96.1	0.94	3.42	44	51.7	10421	82.9	3.25	0.72	13.1
2021-03-26	C08	C1-28	Karpas-299	0.1	N	Y	51324	47.3	95.2	0.93	3.05	51.3	44.7	10337	81.7	3.18	0.64	14.5
2021-03-26	C09	C1-28	Karpas-299	0	N	Y	51639	40.3	96.4	1.19	3	44.5	51.3	10295	76.3	2.62	0.9	20.2
2021-03-26	C10		Karpas-299		N	N	73976	27.5	95.4	0.88	2.79	31.5	64.9	12609	2.54	0.056	0.016	97.4
2021-03-26	D02	C1-28	None	Negative			22196	48.7	98.3	0.65	0.3	0.53	98.5	10473	88.7	3.11	0.38	7.84
2021-03-26	D03	C1-28	None	Negative			23264	45.7	98.9	0.87	0.41	0.15	98.6	10361	88.6	3.48	0.42	7.49
2021-03-26	D04	C1-28	None	Negative			21145	50.2	98.3	0.58	0.34	0.17	98.9	10320	89.8	3.03	0.3	6.88
2021-03-26	D05	C1-28	None	Negative			29014	33.8	98.9	0.91	0.61	0.19	98.3	9538	89.8	3.62	0.27	6.32
2021-03-26	D06	C1-28	None	aCD3			36390	31.2	96.6	2.9	0.51	0.7	95.9	10509	71.8	14.7	5.06	8.47
2021-03-26	D07	C1-28	None	aCD3			36436	20.7	98.3	4.69	0.89	0.49	93.9	6964	63.1	14.8	8.3	13.8
2021-03-26	D08	C1-28	None	aCD3			33934	17.9	98.4	5.39	0.65	0.28	93.7	5596	64	13.1	7.68	15.2
2021-03-26	D09	C1-28	None	aCD3			42342	19.8	98.5	3.98	0.59	0.27	95.2	7866	68.5	10.4	6.14	15
2021-03-26	D10		Karpas-299		N	N	65325	16.6	95.1	1.1	2.53	33.9	62.5	6438	2.72	0.33	0.28	96.7
2021-03-26	E02	C1-28	Karpas-299	10	N	Y	81735	31.2	94.8	0.94	3.78	59.7	35.6	8616	78.5	2.89	0.68	18
2021-03-26	E03	C1-28	Karpas-299	1	N	Y	71740	23.9	94.7	1.13	3.05	54.2	41.6	6746	79.8	3.11	0.49	16.6
2021-03-26	E04	C1-28	Karpas-299	0.1	N	Y	73686	23.1	94.8	1.38	4.62	55.7	38.3	6168	77.3	3.13	0.73	18.9
2021-03-26	E05	C1-28	Karpas-299	0	N	Y	49713	16.4	96.2	2.27	3	40.1	54.6	4289	77	2.82	0.86	19.4
2021-03-26	E06	C1-28	SW620	10	Y	Y	96031	9.66	94.2	0.79	5.53	40	53.7	4694	59.8	12.6	11.5	16.1
2021-03-26	E07	C1-28	SW620	1	Y	Y	96031	17.6	91	0.73	5.53	44.2	49.5	7616	74.6	5.93	2.6	16.9
2021-03-26	E08	C1-28	SW620	0.1	Y	Y	93107	10.6	94.1	0.95	5.31	38.2	55.6	5166	73.8	3.08	1.37	21.8
2021-03-26	E09	C1-28	SW620	0	Y	Y	79849	13.1	94.7	0.58	5.03	34.5	59.9	5940	79.2	2.22	0.84	17.7
2021-03-26	E10		SW620		Y	N	167111	5.11	90.7	4.87	15	16.7	63.4	4907	4.4	0.082	0.02	95.5
2021-03-26	F02		SW620	10	Y	Y	47364	5.22	90.6	0.13	12.1	86.6	1.16	26	7.69	0	3.85	88.5
2021-03-26	F03		SW620	1	Y	Y	46297	3.45	89.9	0.21	16.7	81.5	1.6	23	17.4	0	0	82.6
2021-03-26	F04		SW620	0.1	Y	Y	57735	4.95	90.3	0.19	13.6	83.2	3.02	78	35.9	2.56	0	61.5
2021-03-26	F05		SW620	0	Y	Y	54712	3.85	88.9	0.32	13.6	83.2	2.83	53	30.2	1.89	0	67.9
2021-03-26	F06		Karpas-299	10	N	Y	33891	26.3	94.2	0.036	2.23	97.6	0.12	10	40	0	0	60
2021-03-26	F07		Karpas-299	1	N	Y	52487	42.6	93.6	0.014	3.3	96.5	0.13	28	35.7	0	0	64.3
2021-03-26	F08		Karpas-299	0.1	N	Y	27581	15.5	92.1	0.025	3.28	96.4	0.28	11	54.5	0	0	45.5
2021-03-26	F09		Karpas-299	0	N	Y	34056	26.4	92.8	0.024	2.69	97.2	0.084	7	0	0	0	100
2021-03-26	F10		SW620		Y	N	160654	3.98	89.5	6.79	17.2	16.6	59.4	3394	1.86	0.088	0	98.1
2021-03-26	G02	C1-28	SW620	10	Y	Y	61132	9.01	94.4	1.02	7.27	35.5	56.2	2920	59.4	9.35	11.7	19.6
2021-03-26	G03	C1-28	SW620	1	Y	Y	70507	8.15	95.1	0.84	7.23	35.3	56.7	3098	67.9	4.81	4.03	23.2
2021-03-26	G04	C1-28	SW620	0.1	Y	Y	64049	10.2	93.3	0.77	6.58	36.5	56.2	3424	73	3.04	1.4	22.5
2021-03-26	G05	C1-28	SW620	0	Y	Y	72682	20	90.3	0.56	6.5	40.2	52.7	6919	76.3	1.81	0.65	21.3
2021-03-26	G06	C1-28	Karpas-299	10	N	Y	56224	17.1	92.6	2.19	5.83	47	45	4004	72	2.25	0.92	24.8
2021-03-26	G07	C1-28	Karpas-299	1	N	Y	53442	22.4	92.6	1.91	6.3	39	52.8	5850	68.7	1.38	0.96	28.9
2021-03-26	G08	C1-28	Karpas-299	0.1	N	Y	48004	20.7	93.5	2.12	5.4	42.2	50.3	4679	68.9	1.67	1.09	28.3
2021-03-26	G09	C1-28	Karpas-299	0	N	Y	52431	23.2	94	1.86	4.65	48.2	45.3	5164	67.9	1.68	1.32	29.1
2021-03-26	G10		SW620		Y	N	135671	6.68	91.6	4.38	11.1	19.3	65.3	5415	0.092	0	0	99.9
2021-03-30	B02	 	Karpas-299	10	N	Y	109003	57.5	93.7	0.051	10.8	87.8	1.35	795	63.6	9.06	2.52	24.8
2021-03-30	B03	 	Karpas-299	1	N	Y	113310	45.6	93.2	0.085	18.4	80.2	1.3	624	60.1	8.33	1.44	30.1
2021-03-30	B04	 	Karpas-299	0.1	N	Y	81271	49.3	93.2	0.23	15.5	70.9	13.3	4978	62.9	4	1.21	31.9
2021-03-30	B05	 	Karpas-299	0	N	Y	5293	52.9	93.5	0.19	16.8	72	11.1	290	60.7	2.41	2.07	34.8
2021-03-30	B06	 	SW620	10	Y	Y	122076	22.1	88.5	1.08	17.2	43.4	38.3	9147	47.5	2.58	1.77	48.2
2021-03-30	B07	 	SW620	1	Y	Y	88087	21.5	90.2	1.17	17.3	45.7	35.9	6141	39.8	2.02	1.73	56.4
2021-03-30	B08	 	SW620	0.1	Y	Y	99928	13.6	88.8	1.1	24.1	50.9	23.9	2888	37.2	1.9	1.45	59.5
2021-03-30	B09	 	SW620	0	Y	Y	133009	27	79.1	0.38	18.1	75.5	6.02	1713	0.88	0	0.12	99
2021-03-30	B10	 	Karpas-299	 	N	N	4.82E+05	49.8	92.8	0.23	8.39	80.3	11.1	24672	1.32	0.032	0.016	98.6
2021-03-30	C02	C1-28	SW620	10	Y	Y	305778	29.6	91.3	1.62	8.67	25.3	64.4	53269	53.4	15.5	12	19.1
2021-03-30	C03	C1-28	SW620	1	Y	Y	256262	30.9	92.3	1.18	8.47	23.5	66.8	48783	59.2	6.27	4.49	30
2021-03-30	C04	C1-28	SW620	0.1	Y	Y	202507	25.9	94.6	1.18	8	17.1	73.7	36565	61.2	3.28	1.9	33.6
2021-03-30	C05	C1-28	SW620	0	Y	Y	187123	20.5	95.6	1.33	8.54	15.4	74.7	27425	55.9	2.61	1.81	39.6
2021-03-30	C06	C1-28	Karpas-299	10	N	Y	182374	24.3	96.7	1.79	10.4	25.9	62	26515	22.1	1.27	2.2	74.4
2021-03-30	C07	C1-28	Karpas-299	1	N	Y	159626	30.6	96.2	1.57	9.98	30	58.5	27452	22.3	1.21	2.42	74.1
2021-03-30	C08	C1-28	Karpas-299	0.1	N	Y	134574	31	96.9	1.76	7.52	26.1	64.7	26125	22	1.3	2.4	74.3
2021-03-30	C09	C1-28	Karpas-299	0	N	Y	181397	40.2	95.4	1.45	9.2	34	55.4	38512	20.8	1.06	1.99	76.1
2021-03-30	C10	 	Karpas-299	 	N	N	266961	22.3	95.3	0.55	11.7	80.7	7.05	4010	1.82	0	0.025	98.2
2021-03-30	D02	C1-28	 	Negative	 	 	113578	58.7	95.5	1.14	1.8	5.27	91.8	58453	41.9	1.34	1.21	55.6
2021-03-30	D03	C1-28	 	Negative	 	 	81652	41.5	97	1.73	2.44	3.5	92.3	30348	50	1.64	1.25	47.1
2021-03-30	D04	C1-28	 	Negative	 	 	82405	43.8	95.6	1.62	2.61	3.88	91.9	31671	44.7	1.72	1.36	52.2
2021-03-30	D05	C1-28	 	Negative	 	 	70648	38.7	96.2	1.82	3.14	4.72	90.3	23740	44.3	1.57	1.5	52.6
2021-03-30	D06	C1-28	 	aCD3	 	 	64061	34	96.4	2.41	2.54	3.32	91.7	19287	44	1.85	2.14	52.1
2021-03-30	D07	C1-28	 	aCD3	 	 	75468	43.6	95.2	2.13	2.4	4.49	91	28467	36.5	1.57	2.16	59.8
2021-03-30	D08	C1-28	 	aCD3	 	 	63928	37.7	96.8	2.12	2.22	3.14	92.5	21614	30.7	1	2.21	66.1
2021-03-30	D09	C1-28	 	aCD3	 	 	78065	37.1	96.4	2.23	3.09	5.65	89	24880	39.7	1.36	1.74	57.2
2021-03-30	D10	 	Karpas-299	 	N	N	245506	20.5	95.2	0.57	10.1	82.5	6.86	3287	4.53	0.3	0.27	94.9
2021-03-30	E02	C1-28	Karpas-299	10	N	Y	209121	32.1	94.2	1.53	8.94	37.2	52.4	33100	49	2.52	2.03	46.4
2021-03-30	E03	C1-28	Karpas-299	1	N	Y	165328	24.7	95.5	2.11	8.8	33.1	56	21829	41	1.97	2.19	54.8
2021-03-30	E04	C1-28	Karpas-299	0.1	N	Y	118355	18.7	95.3	3.06	10.8	20.6	65.6	13811	44.7	2.49	2.63	50.2
2021-03-30	E05	C1-28	Karpas-299	0	N	Y	137280	13.1	97	4.01	7.91	15.8	72.2	12645	34.4	1.82	2.58	61.2
2021-03-30	E06	C1-28	SW620	10	Y	Y	181572	9.52	94.1	3.12	13.8	24.1	59	9604	43.2	10.3	15.5	31
2021-03-30	E07	C1-28	SW620	1	Y	Y	132453	9.74	95.9	2.13	12.2	22.6	63	7794	49.2	4.43	5.36	41
2021-03-30	E08	C1-28	SW620	0.1	Y	Y	121303	12	96.4	1.98	8.73	15.4	73.9	10398	59.4	2.28	1.63	36.7
2021-03-30	E09	C1-28	SW620	0	Y	Y	169689	9.58	96	1.96	9.33	19.8	68.9	10764	52.9	2.06	1.55	43.4
2021-03-30	E10	 	SW620	 	Y	N	346584	8.2	90.4	1.28	31.9	56.2	10.6	2709	0.15	0.037	0	99.8
2021-03-30	F02	 	SW620	10	Y	Y	96777	5.88	89.9	1.78	28.3	51.8	18.2	931	30.5	6.55	10.6	52.3
2021-03-30	F03	 	SW620	1	Y	Y	74826	2.59	91.5	1.75	38.8	51.7	7.79	138	2.17	0.72	0	97.1
2021-03-30	F04	 	SW620	0.1	Y	Y	82789	2.33	93.1	2	40.1	50.3	7.57	136	0	0	0.74	99.3
2021-03-30	F05	 	SW620	0	Y	Y	87355	3.65	87.1	1.77	37.6	54.2	6.38	177	3.39	0.56	0	96
2021-03-30	F06	 	Karpas-299	10	N	Y	39312	8.56	89.7	0.36	23.5	75.2	0.96	29	24.1	3.45	6.9	65.5
2021-03-30	F07	 	Karpas-299	1	N	Y	44041	10.2	91	0.46	22.2	77	0.29	12	16.7	0	0	83.3
2021-03-30	F08	 	Karpas-299	0.1	N	Y	39076	8.46	91.4	0.63	19.9	78.8	0.66	20	20	5	5	70
2021-03-30	F09	 	Karpas-299	0	N	Y	61342	23.8	92.5	0.13	15.4	84.1	0.33	44	11.4	2.27	0	86.4
2021-03-30	F10	 	SW620	 	Y	N	367614	7.85	89.5	1.07	28.8	59.6	10.5	2722	0.22	0.073	0.073	99.6
2021-03-30	G02	C1-28	SW620	10	Y	Y	223463	28.2	93.6	1.88	8.88	31	58.2	34336	31.7	6.08	15.4	46.8
2021-03-30	G03	C1-28	SW620	1	Y	Y	226848	19.4	93.6	1.57	9.76	31.7	56.9	23499	40.7	3.28	4.54	51.5
2021-03-30	G04	C1-28	SW620	0.1	Y	Y	177179	17.1	90.8	1.63	11.8	31.8	54.9	15124	42.9	2	1.9	53.2
2021-03-30	G05	C1-28	SW620	0	Y	Y	168254	14.1	91.5	1.82	12.9	27.8	57.5	12454	40.6	1.96	1.81	55.6
2021-03-30	G06	C1-28	Karpas-299	10	N	Y	129362	20.3	90.6	2.03	16.2	34.4	47.4	11252	20.1	0.82	2.18	76.9
2021-03-30	G07	C1-28	Karpas-299	1	N	Y	141777	20.6	90.8	2.2	15	37.9	44.8	11889	19.9	0.8	2.36	77
2021-03-30	G08	C1-28	Karpas-299	0.1	N	Y	100231	15.6	92.5	3.14	12.3	31.3	53.3	7689	19.8	0.9	1.9	77.4
2021-03-30	G09	C1-28	Karpas-299	0	N	Y	117375	13.5	93.1	2.97	12.7	38.7	45.5	6724	17.2	0.59	1.59	80.6
2021-03-30	G10	 	SW620	 	Y	N	397257	5.48	91.6	1.25	29.2	59.9	9.65	1925	0.1	0	0	99.9
2021-04-02	B02	 	MDA-MB-436	10	N	Y	9913	1.67	91	0.66	31.8	47.7	19.9	30	76.7	3.33	0	20
2021-04-02	B03	 	MDA-MB-436	1	N	Y	10613	1.71	91.2	0.6	31.9	40.4	27.1	45	77.8	6.67	2.22	13.3
2021-04-02	B04	 	MDA-MB-436	0.1	N	Y	9423	1.27	93.3	1.79	33.9	35.7	28.6	32	78.1	3.12	0	18.8
2021-04-02	B05	 	MDA-MB-436	0	N	Y	8877	3.22	97.2	1.8	20.1	25.2	52.9	147	78.2	4.08	0	17.7
2021-04-02	B06	 	Karpas-299	10	Y	Y	54047	32.8	93.4	6.04E-03	15.8	83.8	0.3	50	80	4	0	16
2021-04-02	B07	 	Karpas-299	1	Y	Y	44937	29.1	94	0	19.6	80.2	0.2	25	56	8	4	32
2021-04-02	B08	 	Karpas-299	0.1	Y	Y	37196	27.6	94.9	0	18.3	81.4	0.33	32	75	6.25	0	18.8
2021-04-02	B09	 	Karpas-299	0	Y	Y	86222	61.9	87.8	2.13E-03	26.5	73.3	0.21	98	86.7	4.08	0	9.18
2021-04-02	B10	 	MDA-MB-436		N	Y	153503	3.89	72.3	4.69	36.2	34.8	24.3	1048	9.45	0.48	0.095	90
2021-04-02	C02	KFJ5	Karpas-299	10	Y	Y	140820	31.1	95.8	1.3	5.67	24.2	68.9	28914	51	10	7	32
2021-04-02	C03	KFJ5	Karpas-299	1	Y	Y	90251	34.5	95.2	0.97	6.18	25.3	67.6	20060	72.7	3.53	1.07	22.7
2021-04-02	C04	KFJ5	Karpas-299	0.1	Y	Y	84259	28.7	96.8	0.99	6.16	24.1	68.8	16105	58.2	1.38	0.97	39.4
2021-04-02	C05	KFJ5	Karpas-299	0	Y	Y	79761	26.9	96.6	0.92	6.49	23.5	69.1	14296	72	1.85	0.62	25.5
2021-04-02	C06	KFJ5	MDA-MB-436	10	N	Y	52539	21.9	98.4	0.93	1.08	1.28	96.7	10963	77.5	5.37	0.84	16.3
2021-04-02	C07	KFJ5	MDA-MB-436	1	N	Y	78809	38.9	98.2	0.58	0.94	1.67	96.8	29135	79.5	6.27	0.71	13.5
2021-04-02	C08	KFJ5	MDA-MB-436	0.1	N	Y	97060	45.1	95.8	0.56	0.95	2.02	96.5	40487	76.6	6.14	0.73	16.6
2021-04-02	C09	KFJ5	MDA-MB-436	0	N	Y	127628	53.7	96.3	0.49	0.78	2.26	96.5	63622	66.9	5.16	0.99	27
2021-04-02	C10	 	MDA-MB-436		N	Y	139664	1.43	83.5	5.33	32.2	31.3	31.2	521	4.8	0.38	0	94.8
2021-04-02	D02	KFJ5		Negative			69951	51.2	96.4	0.75	0.28	0.15	98.8	34126	90.7	2.06	0.18	7.09
2021-04-02	D03	KFJ5		Negative			53817	33.2	98.5	1.06	0.49	0.15	98.3	17299	90.6	1.98	0.21	7.23
2021-04-02	D04	KFJ5		Negative			35179	21.7	99.3	1.37	0.46	0.12	98	7421	80	1.67	0.28	18.1
2021-04-02	D05	KFJ5		Negative			33179	12.9	98.4	2.24	0.98	0.21	96.6	4054	81.4	1.63	0.35	16.7
2021-04-02	D06	KFJ5		aCD3			39088	25.4	99.2	1.65	0.56	0.081	97.7	9624	85.3	2.36	0.55	11.8
2021-04-02	D07	KFJ5		aCD3			34021	17.6	98.7	2.77	0.69	0.12	96.4	5701	80.9	2.63	0.93	15.6
2021-04-02	D08	KFJ5		aCD3			35899	18.6	98.4	2.58	0.76	0.11	96.6	6334	77	3.24	1.82	18
2021-04-02	D09	KFJ5		aCD3			37292	19.3	97.9	2.61	0.78	0.085	96.5	6812	69.8	1.95	1.53	26.7
2021-04-02	D10	 	MDA-MB-436		N	Y	136335	1.1	81.8	9.59	27.8	27.3	35.3	434	7.37	0	0	92.6
2021-04-02	E02	KFJ5	MDA-MB-436	10	N	Y	118424	55.2	96.7	0.49	0.54	1.23	97.7	61752	82.1	4.8	0.55	12.5
2021-04-02	E03	KFJ5	MDA-MB-436	1	N	Y	76728	32.7	97	0.57	0.71	1.64	97.1	23648	80.8	5.69	0.71	12.8
2021-04-02	E04	KFJ5	MDA-MB-436	0.1	N	Y	49271	13.1	97.8	1.09	1.44	1.6	95.9	6050	82.4	5.9	0.66	11
2021-04-02	E05	KFJ5	MDA-MB-436	0	N	Y	56770	15.7	98.1	1.09	1.23	2.3	95.4	8363	81.6	4.95	0.66	12.7
2021-04-02	E06	KFJ5	Karpas-299	10	Y	Y	110913	9.42	95.1	2.7	10.6	27.6	59.1	5872	53.5	7.78	8.57	30.2
2021-04-02	E07	KFJ5	Karpas-299	1	Y	Y	76060	10.3	94.5	2.03	9.85	23.2	64.9	4800	58.9	2.02	1.88	37.2
2021-04-02	E08	KFJ5	Karpas-299	0.1	Y	Y	71408	8.62	96	1.98	8.47	22.6	67	3955	57.3	1.16	1.01	40.5
2021-04-02	E09	KFJ5	Karpas-299	0	Y	Y	67921	7.55	97.3	2.65	9.46	16.9	71	3544	39.5	0.4	1.13	59
2021-04-02	E10	 	Karpas-299		Y	Y	101510	23.6	92.5	1.22	3.93	36.1	58.7	13016	0.75	0	7.68E-03	99.2
2021-04-02	F02	 	Karpas-299	10	Y	Y	67523	37	92.8	0	15.4	84.3	0.33	76	73.7	6.58	2.63	17.1
2021-04-02	F03	 	Karpas-299	1	Y	Y	37953	19.6	90	0	14.2	85	0.83	56	78.6	1.79	1.79	17.9
2021-04-02	F04	 	Karpas-299	0.1	Y	Y	34162	22.6	91.8	0	9.78	89.5	0.68	48	75	0	2.08	22.9
2021-04-02	F05	 	Karpas-299	0	Y	Y	44050	27.9	90.7	0.018	13.4	85.5	1.14	127	72.4	2.36	0.79	24.4
2021-04-02	F06	 	MDA-MB-436	10	N	Y	7871	1.08	96.5	1.22	20.7	32.9	45.1	37	83.8	0	0	16.2
2021-04-02	F07	 	MDA-MB-436	1	N	Y	11404	1.12	92.2	1.69	29.7	32.2	36.4	43	72.1	6.98	2.33	18.6
2021-04-02	F08	 	MDA-MB-436	0.1	N	Y	13932	0.57	94.9	0	30.7	40	29.3	22	81.8	13.6	0	4.55
2021-04-02	F09	 	MDA-MB-436	0	N	Y	12764	0.67	87.2	0	33.3	42.7	24	18	66.7	0	0	33.3
2021-04-02	F10	 	Karpas-299		Y	Y	113683	33.7	91.4	1.15	4.23	31.7	62.9	22015	0.64	9.08E-03	0	99.4
2021-04-02	G02	KFJ5	Karpas-299	10	Y	Y	138482	24	93	1.46	10.9	29.1	58.5	18063	37.9	2.7	6.21	53.2
2021-04-02	G03	KFJ5	Karpas-299	1	Y	Y	95573	30.7	92.6	0.83	10.7	30.2	58.3	15826	54.9	1.5	1.37	42.3
2021-04-02	G04	KFJ5	Karpas-299	0.1	Y	Y	81553	18.2	93.7	1.41	9.84	22.7	66.1	9182	51.1	0.83	0.87	47.2
2021-04-02	G05	KFJ5	Karpas-299	0	Y	Y	73418	18.9	93	1.59	12.3	26.2	59.9	7730	57.6	1.05	0.85	40.5
2021-04-02	G06	KFJ5	MDA-MB-436	10	N	Y	67771	28.5	95.7	1.15	1.08	1.52	96.2	17776	78	4.23	0.83	16.9
2021-04-02	G07	KFJ5	MDA-MB-436	1	N	Y	72869	25.1	96.2	1.06	1.42	2.01	95.5	16826	75.1	3.71	0.84	20.3
2021-04-02	G08	KFJ5	MDA-MB-436	0.1	N	Y	104619	44.4	93.7	0.88	0.9	2.1	96.1	41811	75.2	3.44	0.86	20.5
2021-04-02	G09	KFJ5	MDA-MB-436	0	N	Y	82164	32.3	96.5	0.94	1.08	2.82	95.2	24388	51.7	0.95	0.68	46.7
2021-04-02	G10	 	Karpas-299		Y	Y	118634	29.6	93.2	1.51	4.43	30	64.1	20977	0.48	4.77E-03	4.77E-03	99.5
2021-04-06	B02	 	SU-DHL-1	10	N	Y	27888	5.74	91.1	2.74	56	28.7	12.6	183	29	2.73	0.55	67.8
2021-04-06	B03	 	SU-DHL-1	1	N	Y	25714	6.33	90.2	1.29	53.2	36.2	9.33	137	31.4	2.92	0	65.7
2021-04-06	B04	 	SU-DHL-1	0.1	N	Y	30041	8.38	92.2	1.68	44.9	37.1	16.3	378	52.4	1.32	0.53	45.8
2021-04-06	B05	 	SU-DHL-1	0	N	Y	30017	7.44	90.8	1.38	49.9	38.9	9.81	199	17.6	2.01	0	80.4
2021-04-06	B06	 	Karpas-299	10	Y	Y	58116	44.5	95.7	4.04E-03	48.6	51.2	0.19	47	76.6	0	0	23.4
2021-04-06	B07	 	Karpas-299	1	Y	Y	55914	44.5	95.7	0.013	45.8	53.8	0.39	93	80.6	1.08	0	18.3
2021-04-06	B08	 	Karpas-299	0.1	Y	Y	55195	43.7	95.7	0.043	47	51	2	462	84.2	2.16	0.22	13.4
2021-04-06	B09	 	Karpas-299	0	Y	Y	72230	52.9	93.8	0.3	43.1	54.9	1.63	585	23.9	0.34	0.17	75.6
2021-04-06	B10	 	SU-DHL-1	 	N	N	43567	14.8	81.8	16.7	12	7.72	63.6	3355	1.91	0.24	0	97.9
2021-04-06	C02	KFJ5	Karpas-299	10	Y	Y	233811	59.4	94.9	0.64	19.6	24.6	55.2	72673	47.2	9.83	5.4	37.6
2021-04-06	C03	KFJ5	Karpas-299	1	Y	Y	121337	51.4	97.6	0.63	11	16.4	72	43778	72.3	6.24	2.16	19.3
2021-04-06	C04	KFJ5	Karpas-299	0.1	Y	Y	140069	54.8	97.2	0.38	13	18.8	67.8	50545	74.4	3.14	1.02	21.4
2021-04-06	C05	KFJ5	Karpas-299	0	Y	Y	119159	51.2	97.5	0.52	10.4	14	75.1	44684	77.3	3.2	0.91	18.6
2021-04-06	C06	KFJ5	SU-DHL-1	10	N	Y	119336	44.9	97.4	0.48	3.99	5.58	89.9	46953	72.2	2.18	0.62	25
2021-04-06	C07	KFJ5	SU-DHL-1	1	N	Y	110716	47.3	97.1	0.54	3.09	5.06	91.3	46454	76.7	2.71	0.51	20
2021-04-06	C08	KFJ5	SU-DHL-1	0.1	N	Y	122043	44.6	96.8	0.59	3.69	5.92	89.8	47286	71.7	2.18	0.6	25.6
2021-04-06	C09	KFJ5	SU-DHL-1	0	N	Y	129240	44.9	96.4	0.59	3.3	5.82	90.3	50515	75	1.96	0.42	22.6
2021-04-06	C10	 	SU-DHL-1	 	N	N	41712	10.1	77.7	18	10.2	7.16	64.6	2111	5.5	0.38	0.095	94
2021-04-06	D02	KFJ5	 	Negative	 	NA	109579	78.2	97.4	0.72	0.19	0.1	99	82652	59.9	1.13	0.76	38.2
2021-04-06	D03	KFJ5	 	Negative	 	NA	50755	57.6	98.7	0.88	0.19	0.087	98.8	28529	68.6	1.24	0.61	29.6
2021-04-06	D04	KFJ5	 	Negative	 	NA	47969	52.3	98.7	0.9	0.23	0.069	98.8	24440	62.9	0.83	0.65	35.6
2021-04-06	D05	KFJ5	 	Negative	 	NA	49423	50.6	98.4	1.05	0.2	0.085	98.7	24270	62.8	0.85	0.64	35.7
2021-04-06	D06	KFJ5	 	aCD3	 	NA	44574	47.6	98.8	1.12	0.27	0.076	98.5	20639	68.4	1.47	0.98	29.1
2021-04-06	D07	KFJ5	 	aCD3	 	NA	45583	45.9	98.7	1.12	0.25	0.097	98.5	20339	62.6	1.19	1.41	34.8
2021-04-06	D08	KFJ5	 	aCD3	 	NA	39961	46.7	98.8	1.07	0.22	0.16	98.5	18182	70.3	1.36	0.85	27.5
2021-04-06	D09	KFJ5	 	aCD3	 	NA	45892	44.4	98.8	1.11	0.28	0.11	98.5	19827	69.4	1.21	0.63	28.8
2021-04-06	D10	 	SU-DHL-1	 	N	N	45441	12.1	80.6	15.6	10.8	7.1	66.5	2939	8.61	0.14	0.068	91.2
2021-04-06	E02	KFJ5	SU-DHL-1	10	N	Y	138941	58	94.4	0.68	4.38	6.43	88.5	67280	80.4	2.27	0.59	16.7
2021-04-06	E03	KFJ5	SU-DHL-1	1	N	Y	79030	34.5	97	0.81	3.24	3.67	92.3	24443	82.6	2.01	0.4	15
2021-04-06	E04	KFJ5	SU-DHL-1	0.1	N	Y	58614	19.6	97.4	1.05	4.24	4.17	90.5	10108	74.4	1.21	0.28	24.1
2021-04-06	E05	KFJ5	SU-DHL-1	0	N	Y	71054	19.8	97.9	1.06	4.08	3.3	91.6	12601	75.2	1.56	0.5	22.7
2021-04-06	E06	KFJ5	Karpas-299	10	Y	Y	80691	11.6	97.6	3.14	10.1	13.5	73.3	6712	57.6	13.9	9.48	19.1
2021-04-06	E07	KFJ5	Karpas-299	1	Y	Y	63854	14.4	97.9	2.01	6.21	9.54	82.2	7379	68.4	4.8	3.14	23.6
2021-04-06	E08	KFJ5	Karpas-299	0.1	Y	Y	60948	12.2	98	1.83	6.19	10.4	81.6	5965	74.2	2.15	1.11	22.5
2021-04-06	E09	KFJ5	Karpas-299	0	Y	Y	42224	21.8	94.3	1.51	9.09	12.7	76.7	6648	70.6	1.59	0.62	27.2
2021-04-06	E10	 	Karpas-299	 	Y	N	26234	22.8	95.7	3.61	7.72	17.7	70.9	4071	1.87	0.074	0.049	98
2021-04-06	F02	 	Karpas-299	10	Y	Y	27763	15.2	97.7	0.27	35.2	61.5	3.08	127	52	2.36	9.45	36.2
2021-04-06	F03	 	Karpas-299	1	Y	Y	22035	9.19	97.5	0.051	29.5	68.2	2.23	44	56.8	4.55	2.27	36.4
2021-04-06	F04	 	Karpas-299	0.1	Y	Y	23733	7.96	97.2	0.11	36.5	62.2	1.2	22	59.1	0	4.55	36.4
2021-04-06	F05	 	Karpas-299	0	Y	Y	24471	13.9	96.2	0.03	31.8	67.5	0.61	20	60	5	0	35
2021-04-06	F06	 	SU-DHL-1	10	N	Y	24005	2.41	83.6	3.31	59.7	29.5	7.44	36	22.2	5.56	8.33	63.9
2021-04-06	F07	 	SU-DHL-1	1	N	Y	20172	1.4	90.4	4.31	64.3	21.6	9.8	25	52	0	0	48
2021-04-06	F08	 	SU-DHL-1	0.1	N	Y	22305	1.6	88.5	2.54	59.4	25.1	13	41	36.6	0	0	63.4
2021-04-06	F09	 	SU-DHL-1	0	N	Y	17799	1.92	88.3	2.32	60.3	22.8	14.6	44	27.3	0	0	72.7
2021-04-06	F10	 	Karpas-299	 	Y	N	23849	21.7	95.1	2.62	10.7	21.8	64.9	3189	1.79	0.031	0	98.2
2021-04-06	G02	KFJ5	Karpas-299	10	Y	Y	125102	39.5	93.6	1.36	13.9	16	68.8	31817	52.9	5.93	6.27	34.9
2021-04-06	G03	KFJ5	Karpas-299	1	Y	Y	98469	42.3	94.3	0.75	14.3	17.6	67.3	26459	61.1	3.56	2.45	32.9
2021-04-06	G04	KFJ5	Karpas-299	0.1	Y	Y	62480	23.3	95.4	0.94	10.8	15	73.3	10168	56.4	1.34	1.07	41.2
2021-04-06	G05	KFJ5	Karpas-299	0	Y	Y	58738	24.4	96.1	1.14	11	13.1	74.8	10273	62.1	1.43	0.87	35.6
2021-04-06	G06	KFJ5	SU-DHL-1	10	N	Y	69075	34.2	94.3	0.88	3.16	4.58	91.4	20361	71.6	1.86	0.64	25.9
2021-04-06	G07	KFJ5	SU-DHL-1	1	N	Y	75732	38.1	93.5	0.76	3.86	4.46	90.9	24511	73.6	1.77	0.48	24.2
2021-04-06	G08	KFJ5	SU-DHL-1	0.1	N	Y	75651	22.8	94.9	1.03	6.01	6.08	86.9	14188	70.3	1.34	0.53	27.8
2021-04-06	G09	KFJ5	SU-DHL-1	0	N	Y	77568	38.7	93.9	0.89	3.68	5.05	90.4	25468	70.9	1.42	0.43	27.2
2021-04-06	G10	 	Karpas-299		Y	N	29590	33.6	96.2	3.18	8.75	19.3	68.7	6564	2.18	0.076	0.015	97.7
2021-04-09	B02	 	SK-N-SH	10	N	Y	74984	33.4	62.9	0.032	73	26	0.91	144	79.2	6.25	2.08	12.5
2021-04-09	B03	 	SK-N-SH	1	N	Y	55013	34.4	67.2	0.024	68.8	25.3	5.93	753	81.9	1.73	0.27	16.1
2021-04-09	B04	 	SK-N-SH	0.1	N	Y	37404	31.7	67.2	0	74.3	24.7	0.94	75	84	1.33	0	14.7
2021-04-09	B05	 	SK-N-SH	0	N	Y	53386	27.2	67.2	0.01	74.5	25	0.49	48	81.2	6.25	2.08	10.4
2021-04-09	B06	 	Karpas-299	10	Y	Y	73163	53.8	79.4	6.40E-03	36.3	62.8	0.92	289	84.4	3.11	0	12.5
2021-04-09	B07	 	Karpas-299	1	Y	Y	69365	46.3	80.4	3.87E-03	35.2	64.5	0.24	62	69.4	1.61	0	29
2021-04-09	B08	 	Karpas-299	0.1	Y	Y	63459	45.6	80.4	0.021	35.8	63.8	0.34	80	60	0	0	40
2021-04-09	B09	 	Karpas-299	0	Y	Y	45726	38	77.5	0.067	33.9	65.3	0.72	97	33	0	1.03	66
2021-04-09	B10	 	SK-N-SH	 	N	N	44340	29.4	62.1	5.01	16.2	27.4	51.4	4164	0.94	0.048	0	99
2021-04-09	C02	KFJ5	Karpas-299	10	Y	Y	33364	61.5	92.7	0.22	12.3	29.2	58.4	11090	53.5	7.61	6.71	32.1
2021-04-09	C03	KFJ5	Karpas-299	1	Y	Y	32218	53.7	94	0.22	9.45	23.8	66.6	10819	53.2	1.01	0.8	45
2021-04-09	C04	KFJ5	Karpas-299	0.1	Y	Y	30937	54.1	94.2	0.23	8.88	22.6	68.3	10755	43.8	0.34	0.46	55.4
2021-04-09	C05	KFJ5	Karpas-299	0	Y	Y	24408	69.5	92.1	0.19	8.85	22	69	10788	44.1	0.49	0.43	55
2021-04-09	C06	KFJ5	SK-N-SH	10	N	Y	24207	64	89	0.1	12.9	9.09	77.9	10739	83.3	2.73	0.74	13.2
2021-04-09	C07	KFJ5	SK-N-SH	1	N	Y	24578	60.3	91	0.13	10.8	8.76	80.3	10818	81.3	2.43	0.62	15.6
2021-04-09	C08	KFJ5	SK-N-SH	0.1	N	Y	21802	62.8	92.1	0.24	8.05	6.82	84.9	10707	85.9	2.72	0.52	10.9
2021-04-09	C09	KFJ5	SK-N-SH	0	N	Y	23149	59.1	92.6	0.21	8.09	7.32	84.4	10682	79.5	1.94	0.58	18
2021-04-09	C10	 	SK-N-SH	 	N	N	43506	27.5	61.8	3.98	14.2	33.3	48.6	3585	2.57	0.056	0.056	97.3
2021-04-09	D02	KFJ5	 	Negative	 	 	13200	83.1	95.5	0.29	0.15	0.23	99.3	10399	76.7	0.88	0.2	22.2
2021-04-09	D03	KFJ5	 	Negative	 	 	14900	71.8	97	0.42	0.23	0.17	99.2	10291	72.8	0.75	0.26	26.1
2021-04-09	D04	KFJ5	 	Negative	 	 	14636	74.3	96.2	0.5	0.18	0.28	99	10357	77.7	0.73	0.33	21.2
2021-04-09	D05	KFJ5	 	Negative	 	 	13940	79	96.5	0.42	0.19	0.16	99.2	10544	83.5	0.79	0.26	15.5
2021-04-09	D06	KFJ5	 	aCD3	 	 	13462	82.1	95.8	0.47	0.11	0.31	99.1	10496	74.1	0.76	0.32	24.8
2021-04-09	D07	KFJ5	 	aCD3	 	 	14484	75.7	96.9	0.39	0.15	0.22	99.2	10553	75.5	0.64	0.38	23.4
2021-04-09	D08	KFJ5	 	aCD3	 	 	14800	74.2	96.3	0.57	0.25	0.3	98.9	10454	72.9	0.68	0.28	26.1
2021-04-09	D09	KFJ5	 	aCD3	 	 	15761	68.6	97.6	0.4	0.31	0.076	99.2	10474	74.8	0.49	0.26	24.4
2021-04-09	D10	 	SK-N-SH	 	N	N	41132	25.4	64.3	2.55	12.2	38.4	46.8	3145	2.83	0.095	0.032	97
2021-04-09	E02	KFJ5	SK-N-SH	10	N	Y	21549	66.1	89.4	0.13	9.56	8.05	82.3	10479	84.5	2	0.75	12.7
2021-04-09	E03	KFJ5	SK-N-SH	1	N	Y	35290	36.7	94.6	0.24	8.01	7.82	83.9	10288	83.8	2.39	0.66	13.2
2021-04-09	E04	KFJ5	SK-N-SH	0.1	N	Y	27797	47.6	92.6	0.25	7.69	7.2	84.9	10388	84.6	1.99	0.59	12.9
2021-04-09	E05	KFJ5	SK-N-SH	0	N	Y	26040	50.5	92.6	0.21	7.35	6.42	86	10469	85.6	2.5	0.56	11.4
2021-04-09	E06	KFJ5	Karpas-299	10	Y	Y	44334	52.9	88	0.15	16.2	30.8	52.9	10913	54.8	7.15	7.14	30.9
2021-04-09	E07	KFJ5	Karpas-299	1	Y	Y	36951	55.6	86.8	0.27	13.2	26.3	60.2	10744	71	1.04	0.49	27.4
2021-04-09	E08	KFJ5	Karpas-299	0.1	Y	Y	41311	43.2	91.2	0.37	11.3	22.7	65.6	10688	69.4	0.68	0.41	29.5
2021-04-09	E09	KFJ5	Karpas-299	0	Y	Y	29228	47.9	93.4	0.47	4.73	14.1	80.7	10571	68.4	0.52	0.33	30.7
2021-04-09	E10	 	Karpas-299	 	Y	N	42394	64.8	88.1	0.36	1.22	25.1	73.3	17753	0.99	0	0.011	99
2021-04-09	F02	 	Karpas-299	10	Y	Y	89522	54.2	81.5	7.58E-03	37.7	61.8	0.51	202	59.4	1.98	0.99	37.6
2021-04-09	F03	 	Karpas-299	1	Y	Y	77330	52.1	82.9	2.99E-03	35.2	64.5	0.23	78	47.4	1.28	1.28	50
2021-04-09	F04	 	Karpas-299	0.1	Y	Y	40301	24.7	82.7	0.036	30.6	69.1	0.22	18	44.4	0	0	55.6
2021-04-09	F05	 	Karpas-299	0	Y	Y	25032	28.2	83.3	0.034	26.7	72.8	0.46	27	63	0	0	37
2021-04-09	F06	 	SK-N-SH	10	N	Y	54745	23.5	65.2	0	79.1	20.3	0.56	47	72.3	2.13	2.13	23.4
2021-04-09	F07	 	SK-N-SH	1	N	Y	56604	27.3	64.7	0.02	78	19.8	2.18	217	71	0.46	0	28.6
2021-04-09	F08	 	SK-N-SH	0.1	N	Y	33610	23.3	64.6	0	78.2	21.2	0.55	28	60.7	0	0	39.3
2021-04-09	F09	 	SK-N-SH	0	N	Y	47639	22.4	71.3	0.24	61.1	23.8	14.8	1132	9.28	0.27	0.27	90.2
2021-04-09	F10	 	Karpas-299	 	Y	N	48221	65.3	85.8	0.24	1.44	29.1	69.2	18680	0.62	5.35E-03	5.35E-03	99.4
2021-04-09	G02	KFJ5	Karpas-299	10	Y	Y	27474	64.6	88.9	0.25	10.9	23.2	65.6	10343	30.9	1.92	6.05	61.2
2021-04-09	G03	KFJ5	Karpas-299	1	Y	Y	23868	69.7	90	0.24	10.6	20.6	68.6	10280	43.1	0.37	0.71	55.8
2021-04-09	G04	KFJ5	Karpas-299	0.1	Y	Y	41405	43.3	88.6	0.36	11.7	23.1	64.8	10305	36.8	0.2	0.37	62.6
2021-04-09	G05	KFJ5	Karpas-299	0	Y	Y	36900	45.3	88.6	0.34	9.24	21.3	69.2	10230	43	0.27	0.39	56.3
2021-04-09	G06	KFJ5	SK-N-SH	10	N	Y	22208	63.8	87.1	0.16	9.04	7.48	83.3	10280	73.5	1.37	0.82	24.3
2021-04-09	G07	KFJ5	SK-N-SH	1	N	Y	20270	67.5	88.2	0.21	7.9	7.28	84.6	10221	68.1	1.22	0.64	30.1
2021-04-09	G08	KFJ5	SK-N-SH	0.1	N	Y	21651	60.2	90.2	0.31	6.76	6.13	86.8	10200	71.4	1.26	0.64	26.7
2021-04-09	G09	KFJ5	SK-N-SH	0	N	Y	46827	24.5	92.8	0.48	6.45	6.87	86.2	9178	64.1	1.15	0.65	34.1
2021-04-09	G10	 	Karpas-299	 	Y	N	49558	64.4	85.9	0.24	1.34	28.7	69.7	19097	0.69	5.24E-03	5.24E-03	99.3
